INSERT into public.tester (id, first_name, last_name, country, last_login) VALUES ('1','Miguel','Bautista','US','2013-08-04 23:57:38');
INSERT into public.tester (id, first_name, last_name, country, last_login) VALUES ('2','Michael','Lubavin','US','2013-07-12 13:27:18');
INSERT into public.tester (id, first_name, last_name, country, last_login) VALUES ('3','Leonard','Sutton','GB','2013-07-16 21:17:28');
INSERT into public.tester (id, first_name, last_name, country, last_login) VALUES ('4','Taybin','Rutkin','US','2013-01-01 10:57:38');
INSERT into public.tester (id, first_name, last_name, country, last_login) VALUES ('5','Mingquan','Zheng','JP','2013-08-04 22:07:38');
INSERT into public.tester (id, first_name, last_name, country, last_login) VALUES ('6','Stanley','Chen','GB','2013-08-04 21:57:38');
INSERT into public.tester (id, first_name, last_name, country, last_login) VALUES ('7','Lucas','Lowry','JP','2013-07-12 23:57:38');
INSERT into public.tester (id, first_name, last_name, country, last_login) VALUES ('8','Sean','Wellington','JP','2013-08-05 13:27:38')
INSERT into public.tester (id, first_name, last_name, country, last_login) VALUES ('9','Darshini','Thiagarajan','GB','2013-08-05 15:00:38');



INSERT into public.device (id, description) VALUES('1','iPhone 4');
INSERT into public.device (id, description) VALUES('2','iPhone 4S');
INSERT into public.device (id, description) VALUES('3','iPhone 5');
INSERT into public.device (id, description) VALUES('4','Galaxy S3');
INSERT into public.device (id, description) VALUES('5','Galaxy S4');
INSERT into public.device (id, description) VALUES('6','Nexus 4');
INSERT into public.device (id, description) VALUES('7','Droid Razor');
INSERT into public.device (id, description) VALUES('8','Droid DNA');
INSERT into public.device (id, description) VALUES('9','HTC One');
INSERT into public.device (id, description) VALUES('10','iPhone 3');



INSERT into public.bug (id, device_id, tester_id) values ('1','1','4');
INSERT into public.bug (id, device_id, tester_id) values ('2','8','9');
INSERT into public.bug (id, device_id, tester_id) values ('3','4','7');
INSERT into public.bug (id, device_id, tester_id) values ('4','2','4');
INSERT into public.bug (id, device_id, tester_id) values ('5','6','3');
INSERT into public.bug (id, device_id, tester_id) values ('6','8','7');
INSERT into public.bug (id, device_id, tester_id) values ('7','9','9');
INSERT into public.bug (id, device_id, tester_id) values ('8','7','5');
INSERT into public.bug (id, device_id, tester_id) values ('9','5','9');
INSERT into public.bug (id, device_id, tester_id) values ('10','1','4');
INSERT into public.bug (id, device_id, tester_id) values ('11','2','4');
INSERT into public.bug (id, device_id, tester_id) values ('12','9','9');
INSERT into public.bug (id, device_id, tester_id) values ('13','8','9');
INSERT into public.bug (id, device_id, tester_id) values ('14','3','3');
INSERT into public.bug (id, device_id, tester_id) values ('15','5','9');
INSERT into public.bug (id, device_id, tester_id) values ('16','1','1');
INSERT into public.bug (id, device_id, tester_id) values ('17','1','4');
INSERT into public.bug (id, device_id, tester_id) values ('18','3','6');
INSERT into public.bug (id, device_id, tester_id) values ('19','6','9');
INSERT into public.bug (id, device_id, tester_id) values ('20','4','3');
INSERT into public.bug (id, device_id, tester_id) values ('21','3','1');
INSERT into public.bug (id, device_id, tester_id) values ('22','10','1');
INSERT into public.bug (id, device_id, tester_id) values ('23','3','1');
INSERT into public.bug (id, device_id, tester_id) values ('24','3','6');
INSERT into public.bug (id, device_id, tester_id) values ('25','5','5');
INSERT into public.bug (id, device_id, tester_id) values ('26','5','3');
INSERT into public.bug (id, device_id, tester_id) values ('27','3','6');
INSERT into public.bug (id, device_id, tester_id) values ('28','6','9');
INSERT into public.bug (id, device_id, tester_id) values ('29','6','8');
INSERT into public.bug (id, device_id, tester_id) values ('30','4','3');
INSERT into public.bug (id, device_id, tester_id) values ('31','1','5');
INSERT into public.bug (id, device_id, tester_id) values ('32','6','9');
INSERT into public.bug (id, device_id, tester_id) values ('33','1','4');
INSERT into public.bug (id, device_id, tester_id) values ('34','5','3');
INSERT into public.bug (id, device_id, tester_id) values ('35','3','6');
INSERT into public.bug (id, device_id, tester_id) values ('36','3','6');
INSERT into public.bug (id, device_id, tester_id) values ('37','7','5');
INSERT into public.bug (id, device_id, tester_id) values ('38','10','1');
INSERT into public.bug (id, device_id, tester_id) values ('39','2','4');
INSERT into public.bug (id, device_id, tester_id) values ('40','3','6');
INSERT into public.bug (id, device_id, tester_id) values ('41','9','8');
INSERT into public.bug (id, device_id, tester_id) values ('42','9','9');
INSERT into public.bug (id, device_id, tester_id) values ('43','10','8');
INSERT into public.bug (id, device_id, tester_id) values ('44','1','1');
INSERT into public.bug (id, device_id, tester_id) values ('45','8','9');
INSERT into public.bug (id, device_id, tester_id) values ('46','4','3');
INSERT into public.bug (id, device_id, tester_id) values ('47','3','1');
INSERT into public.bug (id, device_id, tester_id) values ('48','2','1');
INSERT into public.bug (id, device_id, tester_id) values ('49','8','9');
INSERT into public.bug (id, device_id, tester_id) values ('50','3','6');
INSERT into public.bug (id, device_id, tester_id) values ('51','7','7');
INSERT into public.bug (id, device_id, tester_id) values ('52','2','4');
INSERT into public.bug (id, device_id, tester_id) values ('53','8','7');
INSERT into public.bug (id, device_id, tester_id) values ('54','4','7');
INSERT into public.bug (id, device_id, tester_id) values ('55','10','8');
INSERT into public.bug (id, device_id, tester_id) values ('56','2','4');
INSERT into public.bug (id, device_id, tester_id) values ('57','3','1');
INSERT into public.bug (id, device_id, tester_id) values ('58','1','4');
INSERT into public.bug (id, device_id, tester_id) values ('59','2','4');
INSERT into public.bug (id, device_id, tester_id) values ('60','8','9');
INSERT into public.bug (id, device_id, tester_id) values ('61','5','5');
INSERT into public.bug (id, device_id, tester_id) values ('62','10','8');
INSERT into public.bug (id, device_id, tester_id) values ('63','2','4');
INSERT into public.bug (id, device_id, tester_id) values ('64','7','5');
INSERT into public.bug (id, device_id, tester_id) values ('65','2','4');
INSERT into public.bug (id, device_id, tester_id) values ('66','9','2');
INSERT into public.bug (id, device_id, tester_id) values ('67','4','7');
INSERT into public.bug (id, device_id, tester_id) values ('68','3','3');
INSERT into public.bug (id, device_id, tester_id) values ('69','6','2');
INSERT into public.bug (id, device_id, tester_id) values ('70','9','2');
INSERT into public.bug (id, device_id, tester_id) values ('71','3','6');
INSERT into public.bug (id, device_id, tester_id) values ('72','4','2');
INSERT into public.bug (id, device_id, tester_id) values ('73','2','1');
INSERT into public.bug (id, device_id, tester_id) values ('74','4','7');
INSERT into public.bug (id, device_id, tester_id) values ('75','5','7');
INSERT into public.bug (id, device_id, tester_id) values ('76','6','5');
INSERT into public.bug (id, device_id, tester_id) values ('77','7','5');
INSERT into public.bug (id, device_id, tester_id) values ('78','5','7');
INSERT into public.bug (id, device_id, tester_id) values ('79','8','7');
INSERT into public.bug (id, device_id, tester_id) values ('80','5','2');
INSERT into public.bug (id, device_id, tester_id) values ('81','4','7');
INSERT into public.bug (id, device_id, tester_id) values ('82','2','4');
INSERT into public.bug (id, device_id, tester_id) values ('83','2','4');
INSERT into public.bug (id, device_id, tester_id) values ('84','5','9');
INSERT into public.bug (id, device_id, tester_id) values ('85','1','4');
INSERT into public.bug (id, device_id, tester_id) values ('86','3','3');
INSERT into public.bug (id, device_id, tester_id) values ('87','5','2');
INSERT into public.bug (id, device_id, tester_id) values ('88','7','5');
INSERT into public.bug (id, device_id, tester_id) values ('89','6','3');
INSERT into public.bug (id, device_id, tester_id) values ('90','6','2');
INSERT into public.bug (id, device_id, tester_id) values ('91','3','6');
INSERT into public.bug (id, device_id, tester_id) values ('92','2','1');
INSERT into public.bug (id, device_id, tester_id) values ('93','1','4');
INSERT into public.bug (id, device_id, tester_id) values ('94','5','5');
INSERT into public.bug (id, device_id, tester_id) values ('95','7','5');
INSERT into public.bug (id, device_id, tester_id) values ('96','8','7');
INSERT into public.bug (id, device_id, tester_id) values ('97','10','5');
INSERT into public.bug (id, device_id, tester_id) values ('98','5','3');
INSERT into public.bug (id, device_id, tester_id) values ('99','4','3');
INSERT into public.bug (id, device_id, tester_id) values ('100','3','6');
INSERT into public.bug (id, device_id, tester_id) values ('101','5','9');
INSERT into public.bug (id, device_id, tester_id) values ('102','2','4');
INSERT into public.bug (id, device_id, tester_id) values ('103','3','6');
INSERT into public.bug (id, device_id, tester_id) values ('104','1','8');
INSERT into public.bug (id, device_id, tester_id) values ('105','9','8');
INSERT into public.bug (id, device_id, tester_id) values ('106','9','8');
INSERT into public.bug (id, device_id, tester_id) values ('107','6','3');
INSERT into public.bug (id, device_id, tester_id) values ('108','9','9');
INSERT into public.bug (id, device_id, tester_id) values ('109','6','8');
INSERT into public.bug (id, device_id, tester_id) values ('110','4','7');
INSERT into public.bug (id, device_id, tester_id) values ('111','1','4');
INSERT into public.bug (id, device_id, tester_id) values ('112','6','5');
INSERT into public.bug (id, device_id, tester_id) values ('113','4','7');
INSERT into public.bug (id, device_id, tester_id) values ('114','3','6');
INSERT into public.bug (id, device_id, tester_id) values ('115','5','2');
INSERT into public.bug (id, device_id, tester_id) values ('116','4','7');
INSERT into public.bug (id, device_id, tester_id) values ('117','8','7');
INSERT into public.bug (id, device_id, tester_id) values ('118','6','9');
INSERT into public.bug (id, device_id, tester_id) values ('119','5','3');
INSERT into public.bug (id, device_id, tester_id) values ('120','10','8');
INSERT into public.bug (id, device_id, tester_id) values ('121','4','3');
INSERT into public.bug (id, device_id, tester_id) values ('122','7','5');
INSERT into public.bug (id, device_id, tester_id) values ('123','6','2');
INSERT into public.bug (id, device_id, tester_id) values ('124','6','9');
INSERT into public.bug (id, device_id, tester_id) values ('125','4','3');
INSERT into public.bug (id, device_id, tester_id) values ('126','9','9');
INSERT into public.bug (id, device_id, tester_id) values ('127','3','6');
INSERT into public.bug (id, device_id, tester_id) values ('128','1','4');
INSERT into public.bug (id, device_id, tester_id) values ('129','5','7');
INSERT into public.bug (id, device_id, tester_id) values ('130','1','4');
INSERT into public.bug (id, device_id, tester_id) values ('131','6','5');
INSERT into public.bug (id, device_id, tester_id) values ('132','3','3');
INSERT into public.bug (id, device_id, tester_id) values ('133','3','6');
INSERT into public.bug (id, device_id, tester_id) values ('134','6','5');
INSERT into public.bug (id, device_id, tester_id) values ('135','3','3');
INSERT into public.bug (id, device_id, tester_id) values ('136','7','5');
INSERT into public.bug (id, device_id, tester_id) values ('137','7','5');
INSERT into public.bug (id, device_id, tester_id) values ('138','3','1');
INSERT into public.bug (id, device_id, tester_id) values ('139','3','6');
INSERT into public.bug (id, device_id, tester_id) values ('140','7','5');
INSERT into public.bug (id, device_id, tester_id) values ('141','10','1');
INSERT into public.bug (id, device_id, tester_id) values ('142','5','3');
INSERT into public.bug (id, device_id, tester_id) values ('143','6','9');
INSERT into public.bug (id, device_id, tester_id) values ('144','1','1');
INSERT into public.bug (id, device_id, tester_id) values ('145','3','6');
INSERT into public.bug (id, device_id, tester_id) values ('146','2','4');
INSERT into public.bug (id, device_id, tester_id) values ('147','3','6');
INSERT into public.bug (id, device_id, tester_id) values ('148','5','5');
INSERT into public.bug (id, device_id, tester_id) values ('149','2','4');
INSERT into public.bug (id, device_id, tester_id) values ('150','3','6');
INSERT into public.bug (id, device_id, tester_id) values ('151','10','1');
INSERT into public.bug (id, device_id, tester_id) values ('152','3','3');
INSERT into public.bug (id, device_id, tester_id) values ('153','6','8');
INSERT into public.bug (id, device_id, tester_id) values ('154','1','4');
INSERT into public.bug (id, device_id, tester_id) values ('155','3','6');
INSERT into public.bug (id, device_id, tester_id) values ('156','3','6');
INSERT into public.bug (id, device_id, tester_id) values ('157','9','9');
INSERT into public.bug (id, device_id, tester_id) values ('158','3','6');
INSERT into public.bug (id, device_id, tester_id) values ('159','10','5');
INSERT into public.bug (id, device_id, tester_id) values ('160','5','7');
INSERT into public.bug (id, device_id, tester_id) values ('161','5','7');
INSERT into public.bug (id, device_id, tester_id) values ('162','2','4');
INSERT into public.bug (id, device_id, tester_id) values ('163','9','9');
INSERT into public.bug (id, device_id, tester_id) values ('164','1','1');
INSERT into public.bug (id, device_id, tester_id) values ('165','9','9');
INSERT into public.bug (id, device_id, tester_id) values ('166','3','6');
INSERT into public.bug (id, device_id, tester_id) values ('167','9','9');
INSERT into public.bug (id, device_id, tester_id) values ('168','3','8');
INSERT into public.bug (id, device_id, tester_id) values ('169','2','4');
INSERT into public.bug (id, device_id, tester_id) values ('170','10','1');
INSERT into public.bug (id, device_id, tester_id) values ('171','1','4');
INSERT into public.bug (id, device_id, tester_id) values ('172','5','3');
INSERT into public.bug (id, device_id, tester_id) values ('173','8','2');
INSERT into public.bug (id, device_id, tester_id) values ('174','8','9');
INSERT into public.bug (id, device_id, tester_id) values ('175','10','1');
INSERT into public.bug (id, device_id, tester_id) values ('176','9','2');
INSERT into public.bug (id, device_id, tester_id) values ('177','1','5');
INSERT into public.bug (id, device_id, tester_id) values ('178','3','3');
INSERT into public.bug (id, device_id, tester_id) values ('179','7','5');
INSERT into public.bug (id, device_id, tester_id) values ('180','7','2');
INSERT into public.bug (id, device_id, tester_id) values ('181','6','7');
INSERT into public.bug (id, device_id, tester_id) values ('182','2','4');
INSERT into public.bug (id, device_id, tester_id) values ('183','1','4');
INSERT into public.bug (id, device_id, tester_id) values ('184','1','4');
INSERT into public.bug (id, device_id, tester_id) values ('185','1','1');
INSERT into public.bug (id, device_id, tester_id) values ('186','2','1');
INSERT into public.bug (id, device_id, tester_id) values ('187','7','2');
INSERT into public.bug (id, device_id, tester_id) values ('188','8','2');
INSERT into public.bug (id, device_id, tester_id) values ('189','4','2');
INSERT into public.bug (id, device_id, tester_id) values ('190','2','1');
INSERT into public.bug (id, device_id, tester_id) values ('191','3','6');
INSERT into public.bug (id, device_id, tester_id) values ('192','6','7');
INSERT into public.bug (id, device_id, tester_id) values ('193','8','2');
INSERT into public.bug (id, device_id, tester_id) values ('194','1','5');
INSERT into public.bug (id, device_id, tester_id) values ('195','9','9');
INSERT into public.bug (id, device_id, tester_id) values ('196','8','2');
INSERT into public.bug (id, device_id, tester_id) values ('197','4','3');
INSERT into public.bug (id, device_id, tester_id) values ('198','7','5');
INSERT into public.bug (id, device_id, tester_id) values ('199','3','1');
INSERT into public.bug (id, device_id, tester_id) values ('200','4','7');
INSERT into public.bug (id, device_id, tester_id) values ('201','2','4');
INSERT into public.bug (id, device_id, tester_id) values ('202','9','9');
INSERT into public.bug (id, device_id, tester_id) values ('203','3','1');
INSERT into public.bug (id, device_id, tester_id) values ('204','8','7');
INSERT into public.bug (id, device_id, tester_id) values ('205','1','4');
INSERT into public.bug (id, device_id, tester_id) values ('206','7','7');
INSERT into public.bug (id, device_id, tester_id) values ('207','3','3');
INSERT into public.bug (id, device_id, tester_id) values ('208','1','5');
INSERT into public.bug (id, device_id, tester_id) values ('209','7','2');
INSERT into public.bug (id, device_id, tester_id) values ('210','1','8');
INSERT into public.bug (id, device_id, tester_id) values ('211','10','5');
INSERT into public.bug (id, device_id, tester_id) values ('212','7','2');
INSERT into public.bug (id, device_id, tester_id) values ('213','7','5');
INSERT into public.bug (id, device_id, tester_id) values ('214','5','5');
INSERT into public.bug (id, device_id, tester_id) values ('215','9','9');
INSERT into public.bug (id, device_id, tester_id) values ('216','3','6');
INSERT into public.bug (id, device_id, tester_id) values ('217','1','4');
INSERT into public.bug (id, device_id, tester_id) values ('218','5','9');
INSERT into public.bug (id, device_id, tester_id) values ('219','2','4');
INSERT into public.bug (id, device_id, tester_id) values ('220','2','4');
INSERT into public.bug (id, device_id, tester_id) values ('221','5','5');
INSERT into public.bug (id, device_id, tester_id) values ('222','1','5');
INSERT into public.bug (id, device_id, tester_id) values ('223','3','6');
INSERT into public.bug (id, device_id, tester_id) values ('224','10','5');
INSERT into public.bug (id, device_id, tester_id) values ('225','6','3');
INSERT into public.bug (id, device_id, tester_id) values ('226','3','6');
INSERT into public.bug (id, device_id, tester_id) values ('227','8','2');
INSERT into public.bug (id, device_id, tester_id) values ('228','3','3');
INSERT into public.bug (id, device_id, tester_id) values ('229','8','9');
INSERT into public.bug (id, device_id, tester_id) values ('230','3','6');
INSERT into public.bug (id, device_id, tester_id) values ('231','1','4');
INSERT into public.bug (id, device_id, tester_id) values ('232','9','8');
INSERT into public.bug (id, device_id, tester_id) values ('233','2','1');
INSERT into public.bug (id, device_id, tester_id) values ('234','3','6');
INSERT into public.bug (id, device_id, tester_id) values ('235','10','1');
INSERT into public.bug (id, device_id, tester_id) values ('236','3','8');
INSERT into public.bug (id, device_id, tester_id) values ('237','5','2');
INSERT into public.bug (id, device_id, tester_id) values ('238','10','8');
INSERT into public.bug (id, device_id, tester_id) values ('239','10','1');
INSERT into public.bug (id, device_id, tester_id) values ('240','8','9');
INSERT into public.bug (id, device_id, tester_id) values ('241','1','4');
INSERT into public.bug (id, device_id, tester_id) values ('242','6','9');
INSERT into public.bug (id, device_id, tester_id) values ('243','3','6');
INSERT into public.bug (id, device_id, tester_id) values ('244','5','5');
INSERT into public.bug (id, device_id, tester_id) values ('245','2','4');
INSERT into public.bug (id, device_id, tester_id) values ('246','1','8');
INSERT into public.bug (id, device_id, tester_id) values ('247','6','5');
INSERT into public.bug (id, device_id, tester_id) values ('248','1','1');
INSERT into public.bug (id, device_id, tester_id) values ('249','5','5');
INSERT into public.bug (id, device_id, tester_id) values ('250','3','6');
INSERT into public.bug (id, device_id, tester_id) values ('251','1','4');
INSERT into public.bug (id, device_id, tester_id) values ('252','10','5');
INSERT into public.bug (id, device_id, tester_id) values ('253','1','4');
INSERT into public.bug (id, device_id, tester_id) values ('254','7','7');
INSERT into public.bug (id, device_id, tester_id) values ('255','6','3');
INSERT into public.bug (id, device_id, tester_id) values ('256','7','7');
INSERT into public.bug (id, device_id, tester_id) values ('257','6','7');
INSERT into public.bug (id, device_id, tester_id) values ('258','7','7');
INSERT into public.bug (id, device_id, tester_id) values ('259','6','3');
INSERT into public.bug (id, device_id, tester_id) values ('260','6','7');
INSERT into public.bug (id, device_id, tester_id) values ('261','10','1');
INSERT into public.bug (id, device_id, tester_id) values ('262','5','3');
INSERT into public.bug (id, device_id, tester_id) values ('263','6','7');
INSERT into public.bug (id, device_id, tester_id) values ('264','2','4');
INSERT into public.bug (id, device_id, tester_id) values ('265','5','5');
INSERT into public.bug (id, device_id, tester_id) values ('266','9','9');
INSERT into public.bug (id, device_id, tester_id) values ('267','1','1');
INSERT into public.bug (id, device_id, tester_id) values ('268','5','7');
INSERT into public.bug (id, device_id, tester_id) values ('269','5','9');
INSERT into public.bug (id, device_id, tester_id) values ('270','8','7');
INSERT into public.bug (id, device_id, tester_id) values ('271','1','4');
INSERT into public.bug (id, device_id, tester_id) values ('272','8','2');
INSERT into public.bug (id, device_id, tester_id) values ('273','3','1');
INSERT into public.bug (id, device_id, tester_id) values ('274','2','4');
INSERT into public.bug (id, device_id, tester_id) values ('275','3','6');
INSERT into public.bug (id, device_id, tester_id) values ('276','6','9');
INSERT into public.bug (id, device_id, tester_id) values ('277','8','2');
INSERT into public.bug (id, device_id, tester_id) values ('278','7','5');
INSERT into public.bug (id, device_id, tester_id) values ('279','10','1');
INSERT into public.bug (id, device_id, tester_id) values ('280','6','9');
INSERT into public.bug (id, device_id, tester_id) values ('281','3','6');
INSERT into public.bug (id, device_id, tester_id) values ('282','1','4');
INSERT into public.bug (id, device_id, tester_id) values ('283','9','9');
INSERT into public.bug (id, device_id, tester_id) values ('284','10','5');
INSERT into public.bug (id, device_id, tester_id) values ('285','4','3');
INSERT into public.bug (id, device_id, tester_id) values ('286','3','6');
INSERT into public.bug (id, device_id, tester_id) values ('287','3','3');
INSERT into public.bug (id, device_id, tester_id) values ('288','1','4');
INSERT into public.bug (id, device_id, tester_id) values ('289','6','3');
INSERT into public.bug (id, device_id, tester_id) values ('290','8','7');
INSERT into public.bug (id, device_id, tester_id) values ('291','9','2');
INSERT into public.bug (id, device_id, tester_id) values ('292','3','8');
INSERT into public.bug (id, device_id, tester_id) values ('293','8','9');
INSERT into public.bug (id, device_id, tester_id) values ('294','7','2');
INSERT into public.bug (id, device_id, tester_id) values ('295','6','8');
INSERT into public.bug (id, device_id, tester_id) values ('296','3','8');
INSERT into public.bug (id, device_id, tester_id) values ('297','5','7');
INSERT into public.bug (id, device_id, tester_id) values ('298','1','8');
INSERT into public.bug (id, device_id, tester_id) values ('299','10','8');
INSERT into public.bug (id, device_id, tester_id) values ('300','9','2');
INSERT into public.bug (id, device_id, tester_id) values ('301','9','2');
INSERT into public.bug (id, device_id, tester_id) values ('302','3','8');
INSERT into public.bug (id, device_id, tester_id) values ('303','3','6');
INSERT into public.bug (id, device_id, tester_id) values ('304','3','6');
INSERT into public.bug (id, device_id, tester_id) values ('305','4','2');
INSERT into public.bug (id, device_id, tester_id) values ('306','3','8');
INSERT into public.bug (id, device_id, tester_id) values ('307','1','5');
INSERT into public.bug (id, device_id, tester_id) values ('308','4','3');
INSERT into public.bug (id, device_id, tester_id) values ('309','6','7');
INSERT into public.bug (id, device_id, tester_id) values ('310','6','7');
INSERT into public.bug (id, device_id, tester_id) values ('311','9','2');
INSERT into public.bug (id, device_id, tester_id) values ('312','3','8');
INSERT into public.bug (id, device_id, tester_id) values ('313','3','6');
INSERT into public.bug (id, device_id, tester_id) values ('314','4','2');
INSERT into public.bug (id, device_id, tester_id) values ('315','10','1');
INSERT into public.bug (id, device_id, tester_id) values ('316','8','7');
INSERT into public.bug (id, device_id, tester_id) values ('317','7','2');
INSERT into public.bug (id, device_id, tester_id) values ('318','5','3');
INSERT into public.bug (id, device_id, tester_id) values ('319','1','4');
INSERT into public.bug (id, device_id, tester_id) values ('320','3','6');
INSERT into public.bug (id, device_id, tester_id) values ('321','7','7');
INSERT into public.bug (id, device_id, tester_id) values ('322','10','1');
INSERT into public.bug (id, device_id, tester_id) values ('323','1','4');
INSERT into public.bug (id, device_id, tester_id) values ('324','5','9');
INSERT into public.bug (id, device_id, tester_id) values ('325','6','3');
INSERT into public.bug (id, device_id, tester_id) values ('326','9','8');
INSERT into public.bug (id, device_id, tester_id) values ('327','5','3');
INSERT into public.bug (id, device_id, tester_id) values ('328','9','9');
INSERT into public.bug (id, device_id, tester_id) values ('329','10','8');
INSERT into public.bug (id, device_id, tester_id) values ('330','10','1');
INSERT into public.bug (id, device_id, tester_id) values ('331','10','8');
INSERT into public.bug (id, device_id, tester_id) values ('332','3','1');
INSERT into public.bug (id, device_id, tester_id) values ('333','8','7');
INSERT into public.bug (id, device_id, tester_id) values ('334','4','3');
INSERT into public.bug (id, device_id, tester_id) values ('335','1','4');
INSERT into public.bug (id, device_id, tester_id) values ('336','1','4');
INSERT into public.bug (id, device_id, tester_id) values ('337','4','3');
INSERT into public.bug (id, device_id, tester_id) values ('338','6','5');
INSERT into public.bug (id, device_id, tester_id) values ('339','8','2');
INSERT into public.bug (id, device_id, tester_id) values ('340','8','9');
INSERT into public.bug (id, device_id, tester_id) values ('341','9','9');
INSERT into public.bug (id, device_id, tester_id) values ('342','3','6');
INSERT into public.bug (id, device_id, tester_id) values ('343','7','5');
INSERT into public.bug (id, device_id, tester_id) values ('344','6','3');
INSERT into public.bug (id, device_id, tester_id) values ('345','3','3');
INSERT into public.bug (id, device_id, tester_id) values ('346','4','7');
INSERT into public.bug (id, device_id, tester_id) values ('347','4','3');
INSERT into public.bug (id, device_id, tester_id) values ('348','1','8');
INSERT into public.bug (id, device_id, tester_id) values ('349','2','4');
INSERT into public.bug (id, device_id, tester_id) values ('350','8','7');
INSERT into public.bug (id, device_id, tester_id) values ('351','4','2');
INSERT into public.bug (id, device_id, tester_id) values ('352','10','5');
INSERT into public.bug (id, device_id, tester_id) values ('353','3','8');
INSERT into public.bug (id, device_id, tester_id) values ('354','1','8');
INSERT into public.bug (id, device_id, tester_id) values ('355','7','2');
INSERT into public.bug (id, device_id, tester_id) values ('356','7','7');
INSERT into public.bug (id, device_id, tester_id) values ('357','9','9');
INSERT into public.bug (id, device_id, tester_id) values ('358','7','5');
INSERT into public.bug (id, device_id, tester_id) values ('359','2','4');
INSERT into public.bug (id, device_id, tester_id) values ('360','6','9');
INSERT into public.bug (id, device_id, tester_id) values ('361','5','2');
INSERT into public.bug (id, device_id, tester_id) values ('362','7','7');
INSERT into public.bug (id, device_id, tester_id) values ('363','6','2');
INSERT into public.bug (id, device_id, tester_id) values ('364','6','3');
INSERT into public.bug (id, device_id, tester_id) values ('365','3','6');
INSERT into public.bug (id, device_id, tester_id) values ('366','5','3');
INSERT into public.bug (id, device_id, tester_id) values ('367','10','1');
INSERT into public.bug (id, device_id, tester_id) values ('368','3','1');
INSERT into public.bug (id, device_id, tester_id) values ('369','4','2');
INSERT into public.bug (id, device_id, tester_id) values ('370','6','5');
INSERT into public.bug (id, device_id, tester_id) values ('371','6','5');
INSERT into public.bug (id, device_id, tester_id) values ('372','6','9');
INSERT into public.bug (id, device_id, tester_id) values ('373','1','5');
INSERT into public.bug (id, device_id, tester_id) values ('374','1','4');
INSERT into public.bug (id, device_id, tester_id) values ('375','2','1');
INSERT into public.bug (id, device_id, tester_id) values ('376','3','6');
INSERT into public.bug (id, device_id, tester_id) values ('377','4','2');
INSERT into public.bug (id, device_id, tester_id) values ('378','7','5');
INSERT into public.bug (id, device_id, tester_id) values ('379','5','3');
INSERT into public.bug (id, device_id, tester_id) values ('380','2','1');
INSERT into public.bug (id, device_id, tester_id) values ('381','5','9');
INSERT into public.bug (id, device_id, tester_id) values ('382','8','9');
INSERT into public.bug (id, device_id, tester_id) values ('383','6','7');
INSERT into public.bug (id, device_id, tester_id) values ('384','6','8');
INSERT into public.bug (id, device_id, tester_id) values ('385','3','6');
INSERT into public.bug (id, device_id, tester_id) values ('386','5','9');
INSERT into public.bug (id, device_id, tester_id) values ('387','1','4');
INSERT into public.bug (id, device_id, tester_id) values ('388','1','5');
INSERT into public.bug (id, device_id, tester_id) values ('389','2','4');
INSERT into public.bug (id, device_id, tester_id) values ('390','3','1');
INSERT into public.bug (id, device_id, tester_id) values ('391','7','7');
INSERT into public.bug (id, device_id, tester_id) values ('392','4','2');
INSERT into public.bug (id, device_id, tester_id) values ('393','3','6');
INSERT into public.bug (id, device_id, tester_id) values ('394','4','7');
INSERT into public.bug (id, device_id, tester_id) values ('395','3','6');
INSERT into public.bug (id, device_id, tester_id) values ('396','3','6');
INSERT into public.bug (id, device_id, tester_id) values ('397','1','8');
INSERT into public.bug (id, device_id, tester_id) values ('398','3','8');
INSERT into public.bug (id, device_id, tester_id) values ('399','2','4');
INSERT into public.bug (id, device_id, tester_id) values ('400','3','8');
INSERT into public.bug (id, device_id, tester_id) values ('401','5','9');
INSERT into public.bug (id, device_id, tester_id) values ('402','7','5');
INSERT into public.bug (id, device_id, tester_id) values ('403','6','3');
INSERT into public.bug (id, device_id, tester_id) values ('404','4','2');
INSERT into public.bug (id, device_id, tester_id) values ('405','1','4');
INSERT into public.bug (id, device_id, tester_id) values ('406','2','4');
INSERT into public.bug (id, device_id, tester_id) values ('407','2','4');
INSERT into public.bug (id, device_id, tester_id) values ('408','5','9');
INSERT into public.bug (id, device_id, tester_id) values ('409','5','2');
INSERT into public.bug (id, device_id, tester_id) values ('410','3','6');
INSERT into public.bug (id, device_id, tester_id) values ('411','3','1');
INSERT into public.bug (id, device_id, tester_id) values ('412','6','8');
INSERT into public.bug (id, device_id, tester_id) values ('413','3','6');
INSERT into public.bug (id, device_id, tester_id) values ('414','1','1');
INSERT into public.bug (id, device_id, tester_id) values ('415','7','2');
INSERT into public.bug (id, device_id, tester_id) values ('416','9','8');
INSERT into public.bug (id, device_id, tester_id) values ('417','3','1');
INSERT into public.bug (id, device_id, tester_id) values ('418','1','5');
INSERT into public.bug (id, device_id, tester_id) values ('419','1','4');
INSERT into public.bug (id, device_id, tester_id) values ('420','9','9');
INSERT into public.bug (id, device_id, tester_id) values ('421','6','9');
INSERT into public.bug (id, device_id, tester_id) values ('422','5','7');
INSERT into public.bug (id, device_id, tester_id) values ('423','4','2');
INSERT into public.bug (id, device_id, tester_id) values ('424','8','9');
INSERT into public.bug (id, device_id, tester_id) values ('425','2','1');
INSERT into public.bug (id, device_id, tester_id) values ('426','4','7');
INSERT into public.bug (id, device_id, tester_id) values ('427','2','4');
INSERT into public.bug (id, device_id, tester_id) values ('428','2','1');
INSERT into public.bug (id, device_id, tester_id) values ('429','5','5');
INSERT into public.bug (id, device_id, tester_id) values ('430','6','5');
INSERT into public.bug (id, device_id, tester_id) values ('431','1','4');
INSERT into public.bug (id, device_id, tester_id) values ('432','6','7');
INSERT into public.bug (id, device_id, tester_id) values ('433','6','9');
INSERT into public.bug (id, device_id, tester_id) values ('434','1','4');
INSERT into public.bug (id, device_id, tester_id) values ('435','9','9');
INSERT into public.bug (id, device_id, tester_id) values ('436','7','7');
INSERT into public.bug (id, device_id, tester_id) values ('437','2','1');
INSERT into public.bug (id, device_id, tester_id) values ('438','10','8');
INSERT into public.bug (id, device_id, tester_id) values ('439','1','1');
INSERT into public.bug (id, device_id, tester_id) values ('440','2','4');
INSERT into public.bug (id, device_id, tester_id) values ('441','5','9');
INSERT into public.bug (id, device_id, tester_id) values ('442','2','1');
INSERT into public.bug (id, device_id, tester_id) values ('443','3','6');
INSERT into public.bug (id, device_id, tester_id) values ('444','5','9');
INSERT into public.bug (id, device_id, tester_id) values ('445','3','1');
INSERT into public.bug (id, device_id, tester_id) values ('446','6','3');
INSERT into public.bug (id, device_id, tester_id) values ('447','6','7');
INSERT into public.bug (id, device_id, tester_id) values ('448','2','4');
INSERT into public.bug (id, device_id, tester_id) values ('449','1','4');
INSERT into public.bug (id, device_id, tester_id) values ('450','3','6');
INSERT into public.bug (id, device_id, tester_id) values ('451','1','1');
INSERT into public.bug (id, device_id, tester_id) values ('452','4','3');
INSERT into public.bug (id, device_id, tester_id) values ('453','5','5');
INSERT into public.bug (id, device_id, tester_id) values ('454','1','4');
INSERT into public.bug (id, device_id, tester_id) values ('455','4','3');
INSERT into public.bug (id, device_id, tester_id) values ('456','2','4');
INSERT into public.bug (id, device_id, tester_id) values ('457','3','6');
INSERT into public.bug (id, device_id, tester_id) values ('458','1','4');
INSERT into public.bug (id, device_id, tester_id) values ('459','3','8');
INSERT into public.bug (id, device_id, tester_id) values ('460','3','6');
INSERT into public.bug (id, device_id, tester_id) values ('461','7','2');
INSERT into public.bug (id, device_id, tester_id) values ('462','9','9');
INSERT into public.bug (id, device_id, tester_id) values ('463','3','6');
INSERT into public.bug (id, device_id, tester_id) values ('464','8','2');
INSERT into public.bug (id, device_id, tester_id) values ('465','2','4');
INSERT into public.bug (id, device_id, tester_id) values ('466','2','1');
INSERT into public.bug (id, device_id, tester_id) values ('467','2','1');
INSERT into public.bug (id, device_id, tester_id) values ('468','6','9');
INSERT into public.bug (id, device_id, tester_id) values ('469','5','9');
INSERT into public.bug (id, device_id, tester_id) values ('470','10','5');
INSERT into public.bug (id, device_id, tester_id) values ('471','9','8');
INSERT into public.bug (id, device_id, tester_id) values ('472','1','4');
INSERT into public.bug (id, device_id, tester_id) values ('473','6','9');
INSERT into public.bug (id, device_id, tester_id) values ('474','6','5');
INSERT into public.bug (id, device_id, tester_id) values ('475','6','3');
INSERT into public.bug (id, device_id, tester_id) values ('476','7','2');
INSERT into public.bug (id, device_id, tester_id) values ('477','3','6');
INSERT into public.bug (id, device_id, tester_id) values ('478','4','7');
INSERT into public.bug (id, device_id, tester_id) values ('479','5','7');
INSERT into public.bug (id, device_id, tester_id) values ('480','3','6');
INSERT into public.bug (id, device_id, tester_id) values ('481','3','6');
INSERT into public.bug (id, device_id, tester_id) values ('482','5','7');
INSERT into public.bug (id, device_id, tester_id) values ('483','5','3');
INSERT into public.bug (id, device_id, tester_id) values ('484','3','8');
INSERT into public.bug (id, device_id, tester_id) values ('485','6','3');
INSERT into public.bug (id, device_id, tester_id) values ('486','3','1');
INSERT into public.bug (id, device_id, tester_id) values ('487','6','8');
INSERT into public.bug (id, device_id, tester_id) values ('488','7','7');
INSERT into public.bug (id, device_id, tester_id) values ('489','3','6');
INSERT into public.bug (id, device_id, tester_id) values ('490','3','6');
INSERT into public.bug (id, device_id, tester_id) values ('491','3','6');
INSERT into public.bug (id, device_id, tester_id) values ('492','1','4');
INSERT into public.bug (id, device_id, tester_id) values ('493','10','8');
INSERT into public.bug (id, device_id, tester_id) values ('494','6','3');
INSERT into public.bug (id, device_id, tester_id) values ('495','6','8');
INSERT into public.bug (id, device_id, tester_id) values ('496','5','3');
INSERT into public.bug (id, device_id, tester_id) values ('497','3','6');
INSERT into public.bug (id, device_id, tester_id) values ('498','10','1');
INSERT into public.bug (id, device_id, tester_id) values ('499','5','7');
INSERT into public.bug (id, device_id, tester_id) values ('500','3','6');
INSERT into public.bug (id, device_id, tester_id) values ('501','10','8');
INSERT into public.bug (id, device_id, tester_id) values ('502','6','8');
INSERT into public.bug (id, device_id, tester_id) values ('503','3','6');
INSERT into public.bug (id, device_id, tester_id) values ('504','3','6');
INSERT into public.bug (id, device_id, tester_id) values ('505','2','4');
INSERT into public.bug (id, device_id, tester_id) values ('506','3','8');
INSERT into public.bug (id, device_id, tester_id) values ('507','3','3');
INSERT into public.bug (id, device_id, tester_id) values ('508','6','8');
INSERT into public.bug (id, device_id, tester_id) values ('509','3','8');
INSERT into public.bug (id, device_id, tester_id) values ('510','3','3');
INSERT into public.bug (id, device_id, tester_id) values ('511','6','8');
INSERT into public.bug (id, device_id, tester_id) values ('512','5','5');
INSERT into public.bug (id, device_id, tester_id) values ('513','7','5');
INSERT into public.bug (id, device_id, tester_id) values ('514','5','7');
INSERT into public.bug (id, device_id, tester_id) values ('515','2','4');
INSERT into public.bug (id, device_id, tester_id) values ('516','5','2');
INSERT into public.bug (id, device_id, tester_id) values ('517','3','3');
INSERT into public.bug (id, device_id, tester_id) values ('518','6','3');
INSERT into public.bug (id, device_id, tester_id) values ('519','3','6');
INSERT into public.bug (id, device_id, tester_id) values ('520','1','5');
INSERT into public.bug (id, device_id, tester_id) values ('521','10','5');
INSERT into public.bug (id, device_id, tester_id) values ('522','4','3');
INSERT into public.bug (id, device_id, tester_id) values ('523','9','8');
INSERT into public.bug (id, device_id, tester_id) values ('524','10','1');
INSERT into public.bug (id, device_id, tester_id) values ('525','9','2');
INSERT into public.bug (id, device_id, tester_id) values ('526','3','3');
INSERT into public.bug (id, device_id, tester_id) values ('527','8','7');
INSERT into public.bug (id, device_id, tester_id) values ('528','4','2');
INSERT into public.bug (id, device_id, tester_id) values ('529','3','6');
INSERT into public.bug (id, device_id, tester_id) values ('530','10','8');
INSERT into public.bug (id, device_id, tester_id) values ('531','3','6');
INSERT into public.bug (id, device_id, tester_id) values ('532','3','3');
INSERT into public.bug (id, device_id, tester_id) values ('533','4','3');
INSERT into public.bug (id, device_id, tester_id) values ('534','2','1');
INSERT into public.bug (id, device_id, tester_id) values ('535','9','8');
INSERT into public.bug (id, device_id, tester_id) values ('536','5','7');
INSERT into public.bug (id, device_id, tester_id) values ('537','8','9');
INSERT into public.bug (id, device_id, tester_id) values ('538','3','6');
INSERT into public.bug (id, device_id, tester_id) values ('539','5','2');
INSERT into public.bug (id, device_id, tester_id) values ('540','1','4');
INSERT into public.bug (id, device_id, tester_id) values ('541','4','2');
INSERT into public.bug (id, device_id, tester_id) values ('542','5','3');
INSERT into public.bug (id, device_id, tester_id) values ('543','10','1');
INSERT into public.bug (id, device_id, tester_id) values ('544','10','1');
INSERT into public.bug (id, device_id, tester_id) values ('545','5','3');
INSERT into public.bug (id, device_id, tester_id) values ('546','5','3');
INSERT into public.bug (id, device_id, tester_id) values ('547','1','8');
INSERT into public.bug (id, device_id, tester_id) values ('548','1','4');
INSERT into public.bug (id, device_id, tester_id) values ('549','1','4');
INSERT into public.bug (id, device_id, tester_id) values ('550','8','9');
INSERT into public.bug (id, device_id, tester_id) values ('551','1','4');
INSERT into public.bug (id, device_id, tester_id) values ('552','3','1');
INSERT into public.bug (id, device_id, tester_id) values ('553','3','1');
INSERT into public.bug (id, device_id, tester_id) values ('554','3','1');
INSERT into public.bug (id, device_id, tester_id) values ('555','9','9');
INSERT into public.bug (id, device_id, tester_id) values ('556','3','6');
INSERT into public.bug (id, device_id, tester_id) values ('557','1','8');
INSERT into public.bug (id, device_id, tester_id) values ('558','6','7');
INSERT into public.bug (id, device_id, tester_id) values ('559','2','1');
INSERT into public.bug (id, device_id, tester_id) values ('560','3','6');
INSERT into public.bug (id, device_id, tester_id) values ('561','6','5');
INSERT into public.bug (id, device_id, tester_id) values ('562','4','2');
INSERT into public.bug (id, device_id, tester_id) values ('563','10','8');
INSERT into public.bug (id, device_id, tester_id) values ('564','8','9');
INSERT into public.bug (id, device_id, tester_id) values ('565','5','2');
INSERT into public.bug (id, device_id, tester_id) values ('566','3','1');
INSERT into public.bug (id, device_id, tester_id) values ('567','6','7');
INSERT into public.bug (id, device_id, tester_id) values ('568','3','3');
INSERT into public.bug (id, device_id, tester_id) values ('569','2','4');
INSERT into public.bug (id, device_id, tester_id) values ('570','10','5');
INSERT into public.bug (id, device_id, tester_id) values ('571','6','2');
INSERT into public.bug (id, device_id, tester_id) values ('572','4','2');
INSERT into public.bug (id, device_id, tester_id) values ('573','9','8');
INSERT into public.bug (id, device_id, tester_id) values ('574','7','7');
INSERT into public.bug (id, device_id, tester_id) values ('575','3','6');
INSERT into public.bug (id, device_id, tester_id) values ('576','4','3');
INSERT into public.bug (id, device_id, tester_id) values ('577','7','7');
INSERT into public.bug (id, device_id, tester_id) values ('578','7','5');
INSERT into public.bug (id, device_id, tester_id) values ('579','9','9');
INSERT into public.bug (id, device_id, tester_id) values ('580','6','9');
INSERT into public.bug (id, device_id, tester_id) values ('581','4','2');
INSERT into public.bug (id, device_id, tester_id) values ('582','9','9');
INSERT into public.bug (id, device_id, tester_id) values ('583','2','4');
INSERT into public.bug (id, device_id, tester_id) values ('584','5','7');
INSERT into public.bug (id, device_id, tester_id) values ('585','1','4');
INSERT into public.bug (id, device_id, tester_id) values ('586','1','8');
INSERT into public.bug (id, device_id, tester_id) values ('587','8','7');
INSERT into public.bug (id, device_id, tester_id) values ('588','1','4');
INSERT into public.bug (id, device_id, tester_id) values ('589','8','9');
INSERT into public.bug (id, device_id, tester_id) values ('590','6','8');
INSERT into public.bug (id, device_id, tester_id) values ('591','10','1');
INSERT into public.bug (id, device_id, tester_id) values ('592','2','4');
INSERT into public.bug (id, device_id, tester_id) values ('593','3','8');
INSERT into public.bug (id, device_id, tester_id) values ('594','4','3');
INSERT into public.bug (id, device_id, tester_id) values ('595','5','7');
INSERT into public.bug (id, device_id, tester_id) values ('596','4','7');
INSERT into public.bug (id, device_id, tester_id) values ('597','3','3');
INSERT into public.bug (id, device_id, tester_id) values ('598','8','9');
INSERT into public.bug (id, device_id, tester_id) values ('599','7','5');
INSERT into public.bug (id, device_id, tester_id) values ('600','2','1');
INSERT into public.bug (id, device_id, tester_id) values ('601','1','4');
INSERT into public.bug (id, device_id, tester_id) values ('602','9','9');
INSERT into public.bug (id, device_id, tester_id) values ('603','3','1');
INSERT into public.bug (id, device_id, tester_id) values ('604','1','5');
INSERT into public.bug (id, device_id, tester_id) values ('605','10','5');
INSERT into public.bug (id, device_id, tester_id) values ('606','8','9');
INSERT into public.bug (id, device_id, tester_id) values ('607','1','8');
INSERT into public.bug (id, device_id, tester_id) values ('608','1','4');
INSERT into public.bug (id, device_id, tester_id) values ('609','3','1');
INSERT into public.bug (id, device_id, tester_id) values ('610','2','1');
INSERT into public.bug (id, device_id, tester_id) values ('611','4','3');
INSERT into public.bug (id, device_id, tester_id) values ('612','4','7');
INSERT into public.bug (id, device_id, tester_id) values ('613','6','3');
INSERT into public.bug (id, device_id, tester_id) values ('614','3','1');
INSERT into public.bug (id, device_id, tester_id) values ('615','6','5');
INSERT into public.bug (id, device_id, tester_id) values ('616','4','7');
INSERT into public.bug (id, device_id, tester_id) values ('617','3','8');
INSERT into public.bug (id, device_id, tester_id) values ('618','8','2');
INSERT into public.bug (id, device_id, tester_id) values ('619','9','2');
INSERT into public.bug (id, device_id, tester_id) values ('620','8','7');
INSERT into public.bug (id, device_id, tester_id) values ('621','3','1');
INSERT into public.bug (id, device_id, tester_id) values ('622','1','4');
INSERT into public.bug (id, device_id, tester_id) values ('623','1','1');
INSERT into public.bug (id, device_id, tester_id) values ('624','10','8');
INSERT into public.bug (id, device_id, tester_id) values ('625','9','8');
INSERT into public.bug (id, device_id, tester_id) values ('626','8','7');
INSERT into public.bug (id, device_id, tester_id) values ('627','3','6');
INSERT into public.bug (id, device_id, tester_id) values ('628','5','5');
INSERT into public.bug (id, device_id, tester_id) values ('629','6','9');
INSERT into public.bug (id, device_id, tester_id) values ('630','6','3');
INSERT into public.bug (id, device_id, tester_id) values ('631','2','4');
INSERT into public.bug (id, device_id, tester_id) values ('632','10','1');
INSERT into public.bug (id, device_id, tester_id) values ('633','3','6');
INSERT into public.bug (id, device_id, tester_id) values ('634','2','4');
INSERT into public.bug (id, device_id, tester_id) values ('635','7','5');
INSERT into public.bug (id, device_id, tester_id) values ('636','3','6');
INSERT into public.bug (id, device_id, tester_id) values ('637','9','8');
INSERT into public.bug (id, device_id, tester_id) values ('638','4','7');
INSERT into public.bug (id, device_id, tester_id) values ('639','6','2');
INSERT into public.bug (id, device_id, tester_id) values ('640','5','3');
INSERT into public.bug (id, device_id, tester_id) values ('641','6','9');
INSERT into public.bug (id, device_id, tester_id) values ('642','4','2');
INSERT into public.bug (id, device_id, tester_id) values ('643','2','1');
INSERT into public.bug (id, device_id, tester_id) values ('644','3','6');
INSERT into public.bug (id, device_id, tester_id) values ('645','7','7');
INSERT into public.bug (id, device_id, tester_id) values ('646','1','8');
INSERT into public.bug (id, device_id, tester_id) values ('647','9','9');
INSERT into public.bug (id, device_id, tester_id) values ('648','1','5');
INSERT into public.bug (id, device_id, tester_id) values ('649','10','5');
INSERT into public.bug (id, device_id, tester_id) values ('650','3','6');
INSERT into public.bug (id, device_id, tester_id) values ('651','4','2');
INSERT into public.bug (id, device_id, tester_id) values ('652','2','1');
INSERT into public.bug (id, device_id, tester_id) values ('653','3','6');
INSERT into public.bug (id, device_id, tester_id) values ('654','7','5');
INSERT into public.bug (id, device_id, tester_id) values ('655','8','7');
INSERT into public.bug (id, device_id, tester_id) values ('656','7','2');
INSERT into public.bug (id, device_id, tester_id) values ('657','1','8');
INSERT into public.bug (id, device_id, tester_id) values ('658','3','6');
INSERT into public.bug (id, device_id, tester_id) values ('659','3','1');
INSERT into public.bug (id, device_id, tester_id) values ('660','4','7');
INSERT into public.bug (id, device_id, tester_id) values ('661','7','2');
INSERT into public.bug (id, device_id, tester_id) values ('662','6','8');
INSERT into public.bug (id, device_id, tester_id) values ('663','3','3');
INSERT into public.bug (id, device_id, tester_id) values ('664','10','5');
INSERT into public.bug (id, device_id, tester_id) values ('665','6','8');
INSERT into public.bug (id, device_id, tester_id) values ('666','10','1');
INSERT into public.bug (id, device_id, tester_id) values ('667','6','3');
INSERT into public.bug (id, device_id, tester_id) values ('668','2','1');
INSERT into public.bug (id, device_id, tester_id) values ('669','2','4');
INSERT into public.bug (id, device_id, tester_id) values ('670','3','3');
INSERT into public.bug (id, device_id, tester_id) values ('671','3','8');
INSERT into public.bug (id, device_id, tester_id) values ('672','3','8');
INSERT into public.bug (id, device_id, tester_id) values ('673','3','6');
INSERT into public.bug (id, device_id, tester_id) values ('674','3','8');
INSERT into public.bug (id, device_id, tester_id) values ('675','8','2');
INSERT into public.bug (id, device_id, tester_id) values ('676','3','6');
INSERT into public.bug (id, device_id, tester_id) values ('677','1','8');
INSERT into public.bug (id, device_id, tester_id) values ('678','9','8');
INSERT into public.bug (id, device_id, tester_id) values ('679','2','1');
INSERT into public.bug (id, device_id, tester_id) values ('680','3','6');
INSERT into public.bug (id, device_id, tester_id) values ('681','1','8');
INSERT into public.bug (id, device_id, tester_id) values ('682','5','9');
INSERT into public.bug (id, device_id, tester_id) values ('683','6','3');
INSERT into public.bug (id, device_id, tester_id) values ('684','2','4');
INSERT into public.bug (id, device_id, tester_id) values ('685','3','6');
INSERT into public.bug (id, device_id, tester_id) values ('686','7','5');
INSERT into public.bug (id, device_id, tester_id) values ('687','3','8');
INSERT into public.bug (id, device_id, tester_id) values ('688','8','9');
INSERT into public.bug (id, device_id, tester_id) values ('689','6','3');
INSERT into public.bug (id, device_id, tester_id) values ('690','3','6');
INSERT into public.bug (id, device_id, tester_id) values ('691','5','5');
INSERT into public.bug (id, device_id, tester_id) values ('692','2','4');
INSERT into public.bug (id, device_id, tester_id) values ('693','5','2');
INSERT into public.bug (id, device_id, tester_id) values ('694','1','4');
INSERT into public.bug (id, device_id, tester_id) values ('695','6','8');
INSERT into public.bug (id, device_id, tester_id) values ('696','1','8');
INSERT into public.bug (id, device_id, tester_id) values ('697','1','5');
INSERT into public.bug (id, device_id, tester_id) values ('698','1','1');
INSERT into public.bug (id, device_id, tester_id) values ('699','3','6');
INSERT into public.bug (id, device_id, tester_id) values ('700','5','2');
INSERT into public.bug (id, device_id, tester_id) values ('701','6','8');
INSERT into public.bug (id, device_id, tester_id) values ('702','3','8');
INSERT into public.bug (id, device_id, tester_id) values ('703','5','5');
INSERT into public.bug (id, device_id, tester_id) values ('704','3','6');
INSERT into public.bug (id, device_id, tester_id) values ('705','3','6');
INSERT into public.bug (id, device_id, tester_id) values ('706','7','7');
INSERT into public.bug (id, device_id, tester_id) values ('707','4','7');
INSERT into public.bug (id, device_id, tester_id) values ('708','3','6');
INSERT into public.bug (id, device_id, tester_id) values ('709','10','1');
INSERT into public.bug (id, device_id, tester_id) values ('710','4','7');
INSERT into public.bug (id, device_id, tester_id) values ('711','6','2');
INSERT into public.bug (id, device_id, tester_id) values ('712','9','2');
INSERT into public.bug (id, device_id, tester_id) values ('713','1','8');
INSERT into public.bug (id, device_id, tester_id) values ('714','3','6');
INSERT into public.bug (id, device_id, tester_id) values ('715','7','5');
INSERT into public.bug (id, device_id, tester_id) values ('716','10','1');
INSERT into public.bug (id, device_id, tester_id) values ('717','6','3');
INSERT into public.bug (id, device_id, tester_id) values ('718','9','2');
INSERT into public.bug (id, device_id, tester_id) values ('719','1','4');
INSERT into public.bug (id, device_id, tester_id) values ('720','8','7');
INSERT into public.bug (id, device_id, tester_id) values ('721','1','8');
INSERT into public.bug (id, device_id, tester_id) values ('722','3','6');
INSERT into public.bug (id, device_id, tester_id) values ('723','1','8');
INSERT into public.bug (id, device_id, tester_id) values ('724','1','5');
INSERT into public.bug (id, device_id, tester_id) values ('725','1','5');
INSERT into public.bug (id, device_id, tester_id) values ('726','1','1');
INSERT into public.bug (id, device_id, tester_id) values ('727','6','7');
INSERT into public.bug (id, device_id, tester_id) values ('728','4','3');
INSERT into public.bug (id, device_id, tester_id) values ('729','5','2');
INSERT into public.bug (id, device_id, tester_id) values ('730','4','3');
INSERT into public.bug (id, device_id, tester_id) values ('731','4','7');
INSERT into public.bug (id, device_id, tester_id) values ('732','6','9');
INSERT into public.bug (id, device_id, tester_id) values ('733','3','1');
INSERT into public.bug (id, device_id, tester_id) values ('734','3','3');
INSERT into public.bug (id, device_id, tester_id) values ('735','2','1');
INSERT into public.bug (id, device_id, tester_id) values ('736','6','3');
INSERT into public.bug (id, device_id, tester_id) values ('737','10','1');
INSERT into public.bug (id, device_id, tester_id) values ('738','1','1');
INSERT into public.bug (id, device_id, tester_id) values ('739','1','5');
INSERT into public.bug (id, device_id, tester_id) values ('740','1','8');
INSERT into public.bug (id, device_id, tester_id) values ('741','3','6');
INSERT into public.bug (id, device_id, tester_id) values ('742','1','4');
INSERT into public.bug (id, device_id, tester_id) values ('743','9','2');
INSERT into public.bug (id, device_id, tester_id) values ('744','1','1');
INSERT into public.bug (id, device_id, tester_id) values ('745','10','5');
INSERT into public.bug (id, device_id, tester_id) values ('746','5','2');
INSERT into public.bug (id, device_id, tester_id) values ('747','4','2');
INSERT into public.bug (id, device_id, tester_id) values ('748','5','7');
INSERT into public.bug (id, device_id, tester_id) values ('749','6','7');
INSERT into public.bug (id, device_id, tester_id) values ('750','3','6');
INSERT into public.bug (id, device_id, tester_id) values ('751','6','9');
INSERT into public.bug (id, device_id, tester_id) values ('752','4','7');
INSERT into public.bug (id, device_id, tester_id) values ('753','1','4');
INSERT into public.bug (id, device_id, tester_id) values ('754','1','5');
INSERT into public.bug (id, device_id, tester_id) values ('755','8','9');
INSERT into public.bug (id, device_id, tester_id) values ('756','1','4');
INSERT into public.bug (id, device_id, tester_id) values ('757','5','9');
INSERT into public.bug (id, device_id, tester_id) values ('758','9','9');
INSERT into public.bug (id, device_id, tester_id) values ('759','1','8');
INSERT into public.bug (id, device_id, tester_id) values ('760','3','6');
INSERT into public.bug (id, device_id, tester_id) values ('761','9','8');
INSERT into public.bug (id, device_id, tester_id) values ('762','3','8');
INSERT into public.bug (id, device_id, tester_id) values ('763','6','7');
INSERT into public.bug (id, device_id, tester_id) values ('764','3','3');
INSERT into public.bug (id, device_id, tester_id) values ('765','3','3');
INSERT into public.bug (id, device_id, tester_id) values ('766','3','6');
INSERT into public.bug (id, device_id, tester_id) values ('767','5','9');
INSERT into public.bug (id, device_id, tester_id) values ('768','3','3');
INSERT into public.bug (id, device_id, tester_id) values ('769','4','2');
INSERT into public.bug (id, device_id, tester_id) values ('770','3','3');
INSERT into public.bug (id, device_id, tester_id) values ('771','3','8');
INSERT into public.bug (id, device_id, tester_id) values ('772','3','6');
INSERT into public.bug (id, device_id, tester_id) values ('773','3','6');
INSERT into public.bug (id, device_id, tester_id) values ('774','3','3');
INSERT into public.bug (id, device_id, tester_id) values ('775','4','3');
INSERT into public.bug (id, device_id, tester_id) values ('776','2','4');
INSERT into public.bug (id, device_id, tester_id) values ('777','7','5');
INSERT into public.bug (id, device_id, tester_id) values ('778','9','2');
INSERT into public.bug (id, device_id, tester_id) values ('779','3','3');
INSERT into public.bug (id, device_id, tester_id) values ('780','5','7');
INSERT into public.bug (id, device_id, tester_id) values ('781','6','3');
INSERT into public.bug (id, device_id, tester_id) values ('782','1','4');
INSERT into public.bug (id, device_id, tester_id) values ('783','1','4');
INSERT into public.bug (id, device_id, tester_id) values ('784','5','9');
INSERT into public.bug (id, device_id, tester_id) values ('785','3','1');
INSERT into public.bug (id, device_id, tester_id) values ('786','1','8');
INSERT into public.bug (id, device_id, tester_id) values ('787','4','7');
INSERT into public.bug (id, device_id, tester_id) values ('788','7','5');
INSERT into public.bug (id, device_id, tester_id) values ('789','4','7');
INSERT into public.bug (id, device_id, tester_id) values ('790','6','8');
INSERT into public.bug (id, device_id, tester_id) values ('791','3','8');
INSERT into public.bug (id, device_id, tester_id) values ('792','4','7');
INSERT into public.bug (id, device_id, tester_id) values ('793','7','7');
INSERT into public.bug (id, device_id, tester_id) values ('794','3','8');
INSERT into public.bug (id, device_id, tester_id) values ('795','1','1');
INSERT into public.bug (id, device_id, tester_id) values ('796','10','1');
INSERT into public.bug (id, device_id, tester_id) values ('797','6','9');
INSERT into public.bug (id, device_id, tester_id) values ('798','10','5');
INSERT into public.bug (id, device_id, tester_id) values ('799','2','4');
INSERT into public.bug (id, device_id, tester_id) values ('800','5','2');
INSERT into public.bug (id, device_id, tester_id) values ('801','3','6');
INSERT into public.bug (id, device_id, tester_id) values ('802','6','9');
INSERT into public.bug (id, device_id, tester_id) values ('803','1','4');
INSERT into public.bug (id, device_id, tester_id) values ('804','7','5');
INSERT into public.bug (id, device_id, tester_id) values ('805','6','7');
INSERT into public.bug (id, device_id, tester_id) values ('806','7','2');
INSERT into public.bug (id, device_id, tester_id) values ('807','10','1');
INSERT into public.bug (id, device_id, tester_id) values ('808','5','7');
INSERT into public.bug (id, device_id, tester_id) values ('809','1','4');
INSERT into public.bug (id, device_id, tester_id) values ('810','10','1');
INSERT into public.bug (id, device_id, tester_id) values ('811','1','1');
INSERT into public.bug (id, device_id, tester_id) values ('812','2','1');
INSERT into public.bug (id, device_id, tester_id) values ('813','3','6');
INSERT into public.bug (id, device_id, tester_id) values ('814','10','1');
INSERT into public.bug (id, device_id, tester_id) values ('815','5','3');
INSERT into public.bug (id, device_id, tester_id) values ('816','3','6');
INSERT into public.bug (id, device_id, tester_id) values ('817','4','2');
INSERT into public.bug (id, device_id, tester_id) values ('818','1','1');
INSERT into public.bug (id, device_id, tester_id) values ('819','3','3');
INSERT into public.bug (id, device_id, tester_id) values ('820','1','8');
INSERT into public.bug (id, device_id, tester_id) values ('821','9','9');
INSERT into public.bug (id, device_id, tester_id) values ('822','3','6');
INSERT into public.bug (id, device_id, tester_id) values ('823','3','3');
INSERT into public.bug (id, device_id, tester_id) values ('824','10','1');
INSERT into public.bug (id, device_id, tester_id) values ('825','1','5');
INSERT into public.bug (id, device_id, tester_id) values ('826','1','4');
INSERT into public.bug (id, device_id, tester_id) values ('827','3','8');
INSERT into public.bug (id, device_id, tester_id) values ('828','3','6');
INSERT into public.bug (id, device_id, tester_id) values ('829','7','7');
INSERT into public.bug (id, device_id, tester_id) values ('830','9','9');
INSERT into public.bug (id, device_id, tester_id) values ('831','9','9');
INSERT into public.bug (id, device_id, tester_id) values ('832','3','6');
INSERT into public.bug (id, device_id, tester_id) values ('833','5','7');
INSERT into public.bug (id, device_id, tester_id) values ('834','3','3');
INSERT into public.bug (id, device_id, tester_id) values ('835','6','8');
INSERT into public.bug (id, device_id, tester_id) values ('836','5','5');
INSERT into public.bug (id, device_id, tester_id) values ('837','1','1');
INSERT into public.bug (id, device_id, tester_id) values ('838','8','9');
INSERT into public.bug (id, device_id, tester_id) values ('839','6','3');
INSERT into public.bug (id, device_id, tester_id) values ('840','4','3');
INSERT into public.bug (id, device_id, tester_id) values ('841','1','4');
INSERT into public.bug (id, device_id, tester_id) values ('842','5','3');
INSERT into public.bug (id, device_id, tester_id) values ('843','6','7');
INSERT into public.bug (id, device_id, tester_id) values ('844','8','9');
INSERT into public.bug (id, device_id, tester_id) values ('845','4','7');
INSERT into public.bug (id, device_id, tester_id) values ('846','6','2');
INSERT into public.bug (id, device_id, tester_id) values ('847','4','2');
INSERT into public.bug (id, device_id, tester_id) values ('848','7','2');
INSERT into public.bug (id, device_id, tester_id) values ('849','6','3');
INSERT into public.bug (id, device_id, tester_id) values ('850','8','7');
INSERT into public.bug (id, device_id, tester_id) values ('851','5','5');
INSERT into public.bug (id, device_id, tester_id) values ('852','2','4');
INSERT into public.bug (id, device_id, tester_id) values ('853','8','7');
INSERT into public.bug (id, device_id, tester_id) values ('854','7','7');
INSERT into public.bug (id, device_id, tester_id) values ('855','1','8');
INSERT into public.bug (id, device_id, tester_id) values ('856','1','5');
INSERT into public.bug (id, device_id, tester_id) values ('857','1','1');
INSERT into public.bug (id, device_id, tester_id) values ('858','4','3');
INSERT into public.bug (id, device_id, tester_id) values ('859','2','4');
INSERT into public.bug (id, device_id, tester_id) values ('860','3','6');
INSERT into public.bug (id, device_id, tester_id) values ('861','9','2');
INSERT into public.bug (id, device_id, tester_id) values ('862','2','4');
INSERT into public.bug (id, device_id, tester_id) values ('863','7','7');
INSERT into public.bug (id, device_id, tester_id) values ('864','8','9');
INSERT into public.bug (id, device_id, tester_id) values ('865','4','3');
INSERT into public.bug (id, device_id, tester_id) values ('866','6','7');
INSERT into public.bug (id, device_id, tester_id) values ('867','1','4');
INSERT into public.bug (id, device_id, tester_id) values ('868','1','4');
INSERT into public.bug (id, device_id, tester_id) values ('869','10','5');
INSERT into public.bug (id, device_id, tester_id) values ('870','4','7');
INSERT into public.bug (id, device_id, tester_id) values ('871','10','8');
INSERT into public.bug (id, device_id, tester_id) values ('872','6','8');
INSERT into public.bug (id, device_id, tester_id) values ('873','6','2');
INSERT into public.bug (id, device_id, tester_id) values ('874','4','3');
INSERT into public.bug (id, device_id, tester_id) values ('875','1','1');
INSERT into public.bug (id, device_id, tester_id) values ('876','3','8');
INSERT into public.bug (id, device_id, tester_id) values ('877','5','2');
INSERT into public.bug (id, device_id, tester_id) values ('878','3','6');
INSERT into public.bug (id, device_id, tester_id) values ('879','5','7');
INSERT into public.bug (id, device_id, tester_id) values ('880','1','4');
INSERT into public.bug (id, device_id, tester_id) values ('881','7','5');
INSERT into public.bug (id, device_id, tester_id) values ('882','3','6');
INSERT into public.bug (id, device_id, tester_id) values ('883','8','9');
INSERT into public.bug (id, device_id, tester_id) values ('884','7','2');
INSERT into public.bug (id, device_id, tester_id) values ('885','3','6');
INSERT into public.bug (id, device_id, tester_id) values ('886','2','1');
INSERT into public.bug (id, device_id, tester_id) values ('887','6','8');
INSERT into public.bug (id, device_id, tester_id) values ('888','5','7');
INSERT into public.bug (id, device_id, tester_id) values ('889','10','1');
INSERT into public.bug (id, device_id, tester_id) values ('890','1','4');
INSERT into public.bug (id, device_id, tester_id) values ('891','10','8');
INSERT into public.bug (id, device_id, tester_id) values ('892','2','4');
INSERT into public.bug (id, device_id, tester_id) values ('893','3','6');
INSERT into public.bug (id, device_id, tester_id) values ('894','8','7');
INSERT into public.bug (id, device_id, tester_id) values ('895','2','4');
INSERT into public.bug (id, device_id, tester_id) values ('896','6','7');
INSERT into public.bug (id, device_id, tester_id) values ('897','5','5');
INSERT into public.bug (id, device_id, tester_id) values ('898','2','4');
INSERT into public.bug (id, device_id, tester_id) values ('899','9','8');
INSERT into public.bug (id, device_id, tester_id) values ('900','9','9');
INSERT into public.bug (id, device_id, tester_id) values ('901','7','5');
INSERT into public.bug (id, device_id, tester_id) values ('902','4','7');
INSERT into public.bug (id, device_id, tester_id) values ('903','2','4');
INSERT into public.bug (id, device_id, tester_id) values ('904','10','8');
INSERT into public.bug (id, device_id, tester_id) values ('905','5','9');
INSERT into public.bug (id, device_id, tester_id) values ('906','1','8');
INSERT into public.bug (id, device_id, tester_id) values ('907','3','3');
INSERT into public.bug (id, device_id, tester_id) values ('908','3','1');
INSERT into public.bug (id, device_id, tester_id) values ('909','5','2');
INSERT into public.bug (id, device_id, tester_id) values ('910','2','4');
INSERT into public.bug (id, device_id, tester_id) values ('911','6','7');
INSERT into public.bug (id, device_id, tester_id) values ('912','1','4');
INSERT into public.bug (id, device_id, tester_id) values ('913','5','7');
INSERT into public.bug (id, device_id, tester_id) values ('914','3','6');
INSERT into public.bug (id, device_id, tester_id) values ('915','3','1');
INSERT into public.bug (id, device_id, tester_id) values ('916','9','8');
INSERT into public.bug (id, device_id, tester_id) values ('917','3','6');
INSERT into public.bug (id, device_id, tester_id) values ('918','2','4');
INSERT into public.bug (id, device_id, tester_id) values ('919','6','9');
INSERT into public.bug (id, device_id, tester_id) values ('920','1','5');
INSERT into public.bug (id, device_id, tester_id) values ('921','3','6');
INSERT into public.bug (id, device_id, tester_id) values ('922','8','9');
INSERT into public.bug (id, device_id, tester_id) values ('923','1','5');
INSERT into public.bug (id, device_id, tester_id) values ('924','9','2');
INSERT into public.bug (id, device_id, tester_id) values ('925','7','5');
INSERT into public.bug (id, device_id, tester_id) values ('926','3','3');
INSERT into public.bug (id, device_id, tester_id) values ('927','6','5');
INSERT into public.bug (id, device_id, tester_id) values ('928','2','4');
INSERT into public.bug (id, device_id, tester_id) values ('929','1','8');
INSERT into public.bug (id, device_id, tester_id) values ('930','7','5');
INSERT into public.bug (id, device_id, tester_id) values ('931','6','8');
INSERT into public.bug (id, device_id, tester_id) values ('932','7','7');
INSERT into public.bug (id, device_id, tester_id) values ('933','8','2');
INSERT into public.bug (id, device_id, tester_id) values ('934','3','1');
INSERT into public.bug (id, device_id, tester_id) values ('935','1','8');
INSERT into public.bug (id, device_id, tester_id) values ('936','4','3');
INSERT into public.bug (id, device_id, tester_id) values ('937','10','5');
INSERT into public.bug (id, device_id, tester_id) values ('938','1','8');
INSERT into public.bug (id, device_id, tester_id) values ('939','3','6');
INSERT into public.bug (id, device_id, tester_id) values ('940','6','2');
INSERT into public.bug (id, device_id, tester_id) values ('941','10','1');
INSERT into public.bug (id, device_id, tester_id) values ('942','10','1');
INSERT into public.bug (id, device_id, tester_id) values ('943','7','5');
INSERT into public.bug (id, device_id, tester_id) values ('944','4','2');
INSERT into public.bug (id, device_id, tester_id) values ('945','6','9');
INSERT into public.bug (id, device_id, tester_id) values ('946','10','1');
INSERT into public.bug (id, device_id, tester_id) values ('947','4','2');
INSERT into public.bug (id, device_id, tester_id) values ('948','4','2');
INSERT into public.bug (id, device_id, tester_id) values ('949','2','4');
INSERT into public.bug (id, device_id, tester_id) values ('950','6','9');
INSERT into public.bug (id, device_id, tester_id) values ('951','1','4');
INSERT into public.bug (id, device_id, tester_id) values ('952','3','6');
INSERT into public.bug (id, device_id, tester_id) values ('953','1','1');
INSERT into public.bug (id, device_id, tester_id) values ('954','6','7');
INSERT into public.bug (id, device_id, tester_id) values ('955','6','9');
INSERT into public.bug (id, device_id, tester_id) values ('956','6','9');
INSERT into public.bug (id, device_id, tester_id) values ('957','6','7');
INSERT into public.bug (id, device_id, tester_id) values ('958','5','9');
INSERT into public.bug (id, device_id, tester_id) values ('959','10','8');
INSERT into public.bug (id, device_id, tester_id) values ('960','3','8');
INSERT into public.bug (id, device_id, tester_id) values ('961','6','2');
INSERT into public.bug (id, device_id, tester_id) values ('962','1','1');
INSERT into public.bug (id, device_id, tester_id) values ('963','9','2');
INSERT into public.bug (id, device_id, tester_id) values ('964','6','3');
INSERT into public.bug (id, device_id, tester_id) values ('965','8','7');
INSERT into public.bug (id, device_id, tester_id) values ('966','6','8');
INSERT into public.bug (id, device_id, tester_id) values ('967','1','4');
INSERT into public.bug (id, device_id, tester_id) values ('968','6','7');
INSERT into public.bug (id, device_id, tester_id) values ('969','2','4');
INSERT into public.bug (id, device_id, tester_id) values ('970','10','5');
INSERT into public.bug (id, device_id, tester_id) values ('971','5','5');
INSERT into public.bug (id, device_id, tester_id) values ('972','5','2');
INSERT into public.bug (id, device_id, tester_id) values ('973','2','4');
INSERT into public.bug (id, device_id, tester_id) values ('974','7','5');
INSERT into public.bug (id, device_id, tester_id) values ('975','9','2');
INSERT into public.bug (id, device_id, tester_id) values ('976','3','8');
INSERT into public.bug (id, device_id, tester_id) values ('977','6','8');
INSERT into public.bug (id, device_id, tester_id) values ('978','7','5');
INSERT into public.bug (id, device_id, tester_id) values ('979','5','5');
INSERT into public.bug (id, device_id, tester_id) values ('980','10','1');
INSERT into public.bug (id, device_id, tester_id) values ('981','3','6');
INSERT into public.bug (id, device_id, tester_id) values ('982','6','9');
INSERT into public.bug (id, device_id, tester_id) values ('983','10','5');
INSERT into public.bug (id, device_id, tester_id) values ('984','6','7');
INSERT into public.bug (id, device_id, tester_id) values ('985','7','5');
INSERT into public.bug (id, device_id, tester_id) values ('986','5','9');
INSERT into public.bug (id, device_id, tester_id) values ('987','3','6');
INSERT into public.bug (id, device_id, tester_id) values ('988','10','1');
INSERT into public.bug (id, device_id, tester_id) values ('989','3','8');
INSERT into public.bug (id, device_id, tester_id) values ('990','1','4');
INSERT into public.bug (id, device_id, tester_id) values ('991','7','2');
INSERT into public.bug (id, device_id, tester_id) values ('992','3','1');
INSERT into public.bug (id, device_id, tester_id) values ('993','5','2');
INSERT into public.bug (id, device_id, tester_id) values ('994','2','4');
INSERT into public.bug (id, device_id, tester_id) values ('995','7','7');
INSERT into public.bug (id, device_id, tester_id) values ('996','2','1');
INSERT into public.bug (id, device_id, tester_id) values ('997','4','3');
INSERT into public.bug (id, device_id, tester_id) values ('998','5','2');
INSERT into public.bug (id, device_id, tester_id) values ('999','6','7');
INSERT into public.bug (id, device_id, tester_id) values ('1000','9','8');


INSERT INTO public.experience (tester_id, device_id, experience_points) select tester_id, device_id, count(device_id) from bug GROUP BY device_id, tester_id ;

--This inserts may fail due to unique constraint on tester_id, device_id, but import will not leave unexperienced user without device
INSERT into public.experience (tester_id, device_id, experience_points) values ('1','1', '0' );
INSERT into public.experience (tester_id, device_id, experience_points) values ('1','2', '0' );
INSERT into public.experience (tester_id, device_id, experience_points) values ('1','3', '0' );
INSERT into public.experience (tester_id, device_id, experience_points) values ('1','10', '0' );
INSERT into public.experience (tester_id, device_id, experience_points) values ('2','4', '0' );
INSERT into public.experience (tester_id, device_id, experience_points) values ('2','5', '0' );
INSERT into public.experience (tester_id, device_id, experience_points) values ('2','6', '0' );
INSERT into public.experience (tester_id, device_id, experience_points) values ('2','7', '0' );
INSERT into public.experience (tester_id, device_id, experience_points) values ('2','8', '0' );
INSERT into public.experience (tester_id, device_id, experience_points) values ('2','9', '0' );
INSERT into public.experience (tester_id, device_id, experience_points) values ('3','3', '0' );
INSERT into public.experience (tester_id, device_id, experience_points) values ('3','4', '0' );
INSERT into public.experience (tester_id, device_id, experience_points) values ('3','5', '0' );
INSERT into public.experience (tester_id, device_id, experience_points) values ('3','6', '0' );
INSERT into public.experience (tester_id, device_id, experience_points) values ('4','1', '0' );
INSERT into public.experience (tester_id, device_id, experience_points) values ('4','2', '0' );
INSERT into public.experience (tester_id, device_id, experience_points) values ('5','5', '0' );
INSERT into public.experience (tester_id, device_id, experience_points) values ('5','6', '0' );
INSERT into public.experience (tester_id, device_id, experience_points) values ('5','7', '0' );
INSERT into public.experience (tester_id, device_id, experience_points) values ('5','1', '0' );
INSERT into public.experience (tester_id, device_id, experience_points) values ('5','10', '0' );
INSERT into public.experience (tester_id, device_id, experience_points) values ('6','3', '0' );
INSERT into public.experience (tester_id, device_id, experience_points) values ('7','4', '0' );
INSERT into public.experience (tester_id, device_id, experience_points) values ('7','5', '0' );
INSERT into public.experience (tester_id, device_id, experience_points) values ('7','6', '0' );
INSERT into public.experience (tester_id, device_id, experience_points) values ('7','7', '0' );
INSERT into public.experience (tester_id, device_id, experience_points) values ('7','8', '0' );
INSERT into public.experience (tester_id, device_id, experience_points) values ('8','1', '0' );
INSERT into public.experience (tester_id, device_id, experience_points) values ('8','3', '0' );
INSERT into public.experience (tester_id, device_id, experience_points) values ('8','6', '0' );
INSERT into public.experience (tester_id, device_id, experience_points) values ('8','9', '0' );
INSERT into public.experience (tester_id, device_id, experience_points) values ('8','10', '0' );
INSERT into public.experience (tester_id, device_id, experience_points) values ('9','5', '0' );
INSERT into public.experience (tester_id, device_id, experience_points) values ('9','6', '0' );
INSERT into public.experience (tester_id, device_id, experience_points) values ('9','8', '0' );
INSERT into public.experience (tester_id, device_id, experience_points) values ('9','9', '0' );

