INSERT into public.tester (id, first_name, last_name, country, last_login, version) VALUES ('1','Miguel','Bautista','US','2013-08-04 23:57:38','0')
INSERT into public.tester (id, first_name, last_name, country, last_login, version) VALUES ('2','Michael','Lubavin','US','2013-07-12 13:27:18','0')
INSERT into public.tester (id, first_name, last_name, country, last_login, version) VALUES ('3','Leonard','Sutton','GB','2013-07-16 21:17:28','0')
INSERT into public.tester (id, first_name, last_name, country, last_login, version) VALUES ('4','Taybin','Rutkin','US','2013-01-01 10:57:38','0')
INSERT into public.tester (id, first_name, last_name, country, last_login, version) VALUES ('5','Mingquan','Zheng','JP','2013-08-04 22:07:38','0')
INSERT into public.tester (id, first_name, last_name, country, last_login, version) VALUES ('6','Stanley','Chen','GB','2013-08-04 21:57:38','0')
INSERT into public.tester (id, first_name, last_name, country, last_login, version) VALUES ('7','Lucas','Lowry','JP','2013-07-12 23:57:38','0')
INSERT into public.tester (id, first_name, last_name, country, last_login, version) VALUES ('8','Sean','Wellington','JP','2013-08-05 13:27:38','0')
INSERT into public.tester (id, first_name, last_name, country, last_login, version) VALUES ('9','Darshini','Thiagarajan','GB','2013-08-05 15:00:38','0')



INSERT into public.device (id, description) VALUES('1','iPhone 4');
INSERT into public.device (id, description) VALUES('2','iPhone 4S');
INSERT into public.device (id, description) VALUES('3','iPhone 5');
INSERT into public.device (id, description) VALUES('4','Galaxy S3');
INSERT into public.device (id, description) VALUES('5','Galaxy S4');
INSERT into public.device (id, description) VALUES('6','Nexus 4');
INSERT into public.device (id, description) VALUES('7','Droid Razor');
INSERT into public.device (id, description) VALUES('8','Droid DNA');
INSERT into public.device (id, description) VALUES('9','HTC One');
INSERT into public.device (id, description) VALUES('10','iPhone 3');


INSERT into public.bug (id, device_id, tester_id) values (nextval('public.bug_id_seq'),'1','4');
INSERT into public.bug (id, device_id, tester_id) values (nextval('public.bug_id_seq'),'8','9');
INSERT into public.bug (id, device_id, tester_id) values (nextval('public.bug_id_seq'),'4','7');
INSERT into public.bug (id, device_id, tester_id) values (nextval('public.bug_id_seq'),'2','4');
INSERT into public.bug (id, device_id, tester_id) values (nextval('public.bug_id_seq'),'6','3');
INSERT into public.bug (id, device_id, tester_id) values (nextval('public.bug_id_seq'),'8','7');
INSERT into public.bug (id, device_id, tester_id) values (nextval('public.bug_id_seq'),'9','9');
INSERT into public.bug (id, device_id, tester_id) values (nextval('public.bug_id_seq'),'7','5');
INSERT into public.bug (id, device_id, tester_id) values (nextval('public.bug_id_seq'),'5','9');
INSERT into public.bug (id, device_id, tester_id) values (nextval('public.bug_id_seq'),'1','4');
INSERT into public.bug (id, device_id, tester_id) values (nextval('public.bug_id_seq'),'2','4');
INSERT into public.bug (id, device_id, tester_id) values (nextval('public.bug_id_seq'),'9','9');
INSERT into public.bug (id, device_id, tester_id) values (nextval('public.bug_id_seq'),'8','9');
INSERT into public.bug (id, device_id, tester_id) values (nextval('public.bug_id_seq'),'3','3');
INSERT into public.bug (id, device_id, tester_id) values (nextval('public.bug_id_seq'),'5','9');
INSERT into public.bug (id, device_id, tester_id) values (nextval('public.bug_id_seq'),'1','1');
INSERT into public.bug (id, device_id, tester_id) values (nextval('public.bug_id_seq'),'1','4');
INSERT into public.bug (id, device_id, tester_id) values (nextval('public.bug_id_seq'),'3','6');
INSERT into public.bug (id, device_id, tester_id) values (nextval('public.bug_id_seq'),'6','9');
INSERT into public.bug (id, device_id, tester_id) values (nextval('public.bug_id_seq'),'4','3');
INSERT into public.bug (id, device_id, tester_id) values (nextval('public.bug_id_seq'),'3','1');
INSERT into public.bug (id, device_id, tester_id) values (nextval('public.bug_id_seq'),'10','1');
INSERT into public.bug (id, device_id, tester_id) values (nextval('public.bug_id_seq'),'3','1');
INSERT into public.bug (id, device_id, tester_id) values (nextval('public.bug_id_seq'),'3','6');
INSERT into public.bug (id, device_id, tester_id) values (nextval('public.bug_id_seq'),'5','5');
INSERT into public.bug (id, device_id, tester_id) values (nextval('public.bug_id_seq'),'5','3');
INSERT into public.bug (id, device_id, tester_id) values (nextval('public.bug_id_seq'),'3','6');
INSERT into public.bug (id, device_id, tester_id) values (nextval('public.bug_id_seq'),'6','9');
INSERT into public.bug (id, device_id, tester_id) values (nextval('public.bug_id_seq'),'6','8');
INSERT into public.bug (id, device_id, tester_id) values (nextval('public.bug_id_seq'),'4','3');
INSERT into public.bug (id, device_id, tester_id) values (nextval('public.bug_id_seq'),'1','5');
INSERT into public.bug (id, device_id, tester_id) values (nextval('public.bug_id_seq'),'6','9');
INSERT into public.bug (id, device_id, tester_id) values (nextval('public.bug_id_seq'),'1','4');
INSERT into public.bug (id, device_id, tester_id) values (nextval('public.bug_id_seq'),'5','3');
INSERT into public.bug (id, device_id, tester_id) values (nextval('public.bug_id_seq'),'3','6');
INSERT into public.bug (id, device_id, tester_id) values (nextval('public.bug_id_seq'),'3','6');
INSERT into public.bug (id, device_id, tester_id) values (nextval('public.bug_id_seq'),'7','5');
INSERT into public.bug (id, device_id, tester_id) values (nextval('public.bug_id_seq'),'10','1');
INSERT into public.bug (id, device_id, tester_id) values (nextval('public.bug_id_seq'),'2','4');
INSERT into public.bug (id, device_id, tester_id) values (nextval('public.bug_id_seq'),'3','6');
INSERT into public.bug (id, device_id, tester_id) values (nextval('public.bug_id_seq'),'9','8');
INSERT into public.bug (id, device_id, tester_id) values (nextval('public.bug_id_seq'),'9','9');
INSERT into public.bug (id, device_id, tester_id) values (nextval('public.bug_id_seq'),'10','8');
INSERT into public.bug (id, device_id, tester_id) values (nextval('public.bug_id_seq'),'1','1');
INSERT into public.bug (id, device_id, tester_id) values (nextval('public.bug_id_seq'),'8','9');
INSERT into public.bug (id, device_id, tester_id) values (nextval('public.bug_id_seq'),'4','3');
INSERT into public.bug (id, device_id, tester_id) values (nextval('public.bug_id_seq'),'3','1');
INSERT into public.bug (id, device_id, tester_id) values (nextval('public.bug_id_seq'),'2','1');
INSERT into public.bug (id, device_id, tester_id) values (nextval('public.bug_id_seq'),'8','9');
INSERT into public.bug (id, device_id, tester_id) values (nextval('public.bug_id_seq'),'3','6');
INSERT into public.bug (id, device_id, tester_id) values (nextval('public.bug_id_seq'),'7','7');
INSERT into public.bug (id, device_id, tester_id) values (nextval('public.bug_id_seq'),'2','4');
INSERT into public.bug (id, device_id, tester_id) values (nextval('public.bug_id_seq'),'8','7');
INSERT into public.bug (id, device_id, tester_id) values (nextval('public.bug_id_seq'),'4','7');
INSERT into public.bug (id, device_id, tester_id) values (nextval('public.bug_id_seq'),'10','8');
INSERT into public.bug (id, device_id, tester_id) values (nextval('public.bug_id_seq'),'2','4');
INSERT into public.bug (id, device_id, tester_id) values (nextval('public.bug_id_seq'),'3','1');
INSERT into public.bug (id, device_id, tester_id) values (nextval('public.bug_id_seq'),'1','4');
INSERT into public.bug (id, device_id, tester_id) values (nextval('public.bug_id_seq'),'2','4');
INSERT into public.bug (id, device_id, tester_id) values (nextval('public.bug_id_seq'),'8','9');
INSERT into public.bug (id, device_id, tester_id) values (nextval('public.bug_id_seq'),'5','5');
INSERT into public.bug (id, device_id, tester_id) values (nextval('public.bug_id_seq'),'10','8');
INSERT into public.bug (id, device_id, tester_id) values (nextval('public.bug_id_seq'),'2','4');
INSERT into public.bug (id, device_id, tester_id) values (nextval('public.bug_id_seq'),'7','5');
INSERT into public.bug (id, device_id, tester_id) values (nextval('public.bug_id_seq'),'2','4');
INSERT into public.bug (id, device_id, tester_id) values (nextval('public.bug_id_seq'),'9','2');
INSERT into public.bug (id, device_id, tester_id) values (nextval('public.bug_id_seq'),'4','7');
INSERT into public.bug (id, device_id, tester_id) values (nextval('public.bug_id_seq'),'3','3');
INSERT into public.bug (id, device_id, tester_id) values (nextval('public.bug_id_seq'),'6','2');
INSERT into public.bug (id, device_id, tester_id) values (nextval('public.bug_id_seq'),'9','2');
INSERT into public.bug (id, device_id, tester_id) values (nextval('public.bug_id_seq'),'3','6');
INSERT into public.bug (id, device_id, tester_id) values (nextval('public.bug_id_seq'),'4','2');
INSERT into public.bug (id, device_id, tester_id) values (nextval('public.bug_id_seq'),'2','1');
INSERT into public.bug (id, device_id, tester_id) values (nextval('public.bug_id_seq'),'4','7');
INSERT into public.bug (id, device_id, tester_id) values (nextval('public.bug_id_seq'),'5','7');
INSERT into public.bug (id, device_id, tester_id) values (nextval('public.bug_id_seq'),'6','5');
INSERT into public.bug (id, device_id, tester_id) values (nextval('public.bug_id_seq'),'7','5');
INSERT into public.bug (id, device_id, tester_id) values (nextval('public.bug_id_seq'),'5','7');
INSERT into public.bug (id, device_id, tester_id) values (nextval('public.bug_id_seq'),'8','7');
INSERT into public.bug (id, device_id, tester_id) values (nextval('public.bug_id_seq'),'5','2');
INSERT into public.bug (id, device_id, tester_id) values (nextval('public.bug_id_seq'),'4','7');
INSERT into public.bug (id, device_id, tester_id) values (nextval('public.bug_id_seq'),'2','4');
INSERT into public.bug (id, device_id, tester_id) values (nextval('public.bug_id_seq'),'2','4');
INSERT into public.bug (id, device_id, tester_id) values (nextval('public.bug_id_seq'),'5','9');
INSERT into public.bug (id, device_id, tester_id) values (nextval('public.bug_id_seq'),'1','4');
INSERT into public.bug (id, device_id, tester_id) values (nextval('public.bug_id_seq'),'3','3');
INSERT into public.bug (id, device_id, tester_id) values (nextval('public.bug_id_seq'),'5','2');
INSERT into public.bug (id, device_id, tester_id) values (nextval('public.bug_id_seq'),'7','5');
INSERT into public.bug (id, device_id, tester_id) values (nextval('public.bug_id_seq'),'6','3');
INSERT into public.bug (id, device_id, tester_id) values (nextval('public.bug_id_seq'),'6','2');
INSERT into public.bug (id, device_id, tester_id) values (nextval('public.bug_id_seq'),'3','6');
INSERT into public.bug (id, device_id, tester_id) values (nextval('public.bug_id_seq'),'2','1');
INSERT into public.bug (id, device_id, tester_id) values (nextval('public.bug_id_seq'),'1','4');
INSERT into public.bug (id, device_id, tester_id) values (nextval('public.bug_id_seq'),'5','5');
INSERT into public.bug (id, device_id, tester_id) values (nextval('public.bug_id_seq'),'7','5');
INSERT into public.bug (id, device_id, tester_id) values (nextval('public.bug_id_seq'),'8','7');
INSERT into public.bug (id, device_id, tester_id) values (nextval('public.bug_id_seq'),'10','5');
INSERT into public.bug (id, device_id, tester_id) values (nextval('public.bug_id_seq'),'5','3');
INSERT into public.bug (id, device_id, tester_id) values (nextval('public.bug_id_seq'),'4','3');
INSERT into public.bug (id, device_id, tester_id) values (nextval('public.bug_id_seq'),'3','6');
INSERT into public.bug (id, device_id, tester_id) values (nextval('public.bug_id_seq'),'5','9');
INSERT into public.bug (id, device_id, tester_id) values (nextval('public.bug_id_seq'),'2','4');
INSERT into public.bug (id, device_id, tester_id) values (nextval('public.bug_id_seq'),'3','6');
INSERT into public.bug (id, device_id, tester_id) values (nextval('public.bug_id_seq'),'1','8');
INSERT into public.bug (id, device_id, tester_id) values (nextval('public.bug_id_seq'),'9','8');
INSERT into public.bug (id, device_id, tester_id) values (nextval('public.bug_id_seq'),'9','8');
INSERT into public.bug (id, device_id, tester_id) values (nextval('public.bug_id_seq'),'6','3');
INSERT into public.bug (id, device_id, tester_id) values (nextval('public.bug_id_seq'),'9','9');
INSERT into public.bug (id, device_id, tester_id) values (nextval('public.bug_id_seq'),'6','8');
INSERT into public.bug (id, device_id, tester_id) values (nextval('public.bug_id_seq'),'4','7');
INSERT into public.bug (id, device_id, tester_id) values (nextval('public.bug_id_seq'),'1','4');
INSERT into public.bug (id, device_id, tester_id) values (nextval('public.bug_id_seq'),'6','5');
INSERT into public.bug (id, device_id, tester_id) values (nextval('public.bug_id_seq'),'4','7');
INSERT into public.bug (id, device_id, tester_id) values (nextval('public.bug_id_seq'),'3','6');
INSERT into public.bug (id, device_id, tester_id) values (nextval('public.bug_id_seq'),'5','2');
INSERT into public.bug (id, device_id, tester_id) values (nextval('public.bug_id_seq'),'4','7');
INSERT into public.bug (id, device_id, tester_id) values (nextval('public.bug_id_seq'),'8','7');
INSERT into public.bug (id, device_id, tester_id) values (nextval('public.bug_id_seq'),'6','9');
INSERT into public.bug (id, device_id, tester_id) values (nextval('public.bug_id_seq'),'5','3');
INSERT into public.bug (id, device_id, tester_id) values (nextval('public.bug_id_seq'),'10','8');
INSERT into public.bug (id, device_id, tester_id) values (nextval('public.bug_id_seq'),'4','3');
INSERT into public.bug (id, device_id, tester_id) values (nextval('public.bug_id_seq'),'7','5');
INSERT into public.bug (id, device_id, tester_id) values (nextval('public.bug_id_seq'),'6','2');
INSERT into public.bug (id, device_id, tester_id) values (nextval('public.bug_id_seq'),'6','9');
INSERT into public.bug (id, device_id, tester_id) values (nextval('public.bug_id_seq'),'4','3');
INSERT into public.bug (id, device_id, tester_id) values (nextval('public.bug_id_seq'),'9','9');
INSERT into public.bug (id, device_id, tester_id) values (nextval('public.bug_id_seq'),'3','6');
INSERT into public.bug (id, device_id, tester_id) values (nextval('public.bug_id_seq'),'1','4');
INSERT into public.bug (id, device_id, tester_id) values (nextval('public.bug_id_seq'),'5','7');
INSERT into public.bug (id, device_id, tester_id) values (nextval('public.bug_id_seq'),'1','4');
INSERT into public.bug (id, device_id, tester_id) values (nextval('public.bug_id_seq'),'6','5');
INSERT into public.bug (id, device_id, tester_id) values (nextval('public.bug_id_seq'),'3','3');
INSERT into public.bug (id, device_id, tester_id) values (nextval('public.bug_id_seq'),'3','6');
INSERT into public.bug (id, device_id, tester_id) values (nextval('public.bug_id_seq'),'6','5');
INSERT into public.bug (id, device_id, tester_id) values (nextval('public.bug_id_seq'),'3','3');
INSERT into public.bug (id, device_id, tester_id) values (nextval('public.bug_id_seq'),'7','5');
INSERT into public.bug (id, device_id, tester_id) values (nextval('public.bug_id_seq'),'7','5');
INSERT into public.bug (id, device_id, tester_id) values (nextval('public.bug_id_seq'),'3','1');
INSERT into public.bug (id, device_id, tester_id) values (nextval('public.bug_id_seq'),'3','6');
INSERT into public.bug (id, device_id, tester_id) values (nextval('public.bug_id_seq'),'7','5');
INSERT into public.bug (id, device_id, tester_id) values (nextval('public.bug_id_seq'),'10','1');
INSERT into public.bug (id, device_id, tester_id) values (nextval('public.bug_id_seq'),'5','3');
INSERT into public.bug (id, device_id, tester_id) values (nextval('public.bug_id_seq'),'6','9');
INSERT into public.bug (id, device_id, tester_id) values (nextval('public.bug_id_seq'),'1','1');
INSERT into public.bug (id, device_id, tester_id) values (nextval('public.bug_id_seq'),'3','6');
INSERT into public.bug (id, device_id, tester_id) values (nextval('public.bug_id_seq'),'2','4');
INSERT into public.bug (id, device_id, tester_id) values (nextval('public.bug_id_seq'),'3','6');
INSERT into public.bug (id, device_id, tester_id) values (nextval('public.bug_id_seq'),'5','5');
INSERT into public.bug (id, device_id, tester_id) values (nextval('public.bug_id_seq'),'2','4');
INSERT into public.bug (id, device_id, tester_id) values (nextval('public.bug_id_seq'),'3','6');
INSERT into public.bug (id, device_id, tester_id) values (nextval('public.bug_id_seq'),'10','1');
INSERT into public.bug (id, device_id, tester_id) values (nextval('public.bug_id_seq'),'3','3');
INSERT into public.bug (id, device_id, tester_id) values (nextval('public.bug_id_seq'),'6','8');
INSERT into public.bug (id, device_id, tester_id) values (nextval('public.bug_id_seq'),'1','4');
INSERT into public.bug (id, device_id, tester_id) values (nextval('public.bug_id_seq'),'3','6');
INSERT into public.bug (id, device_id, tester_id) values (nextval('public.bug_id_seq'),'3','6');
INSERT into public.bug (id, device_id, tester_id) values (nextval('public.bug_id_seq'),'9','9');
INSERT into public.bug (id, device_id, tester_id) values (nextval('public.bug_id_seq'),'3','6');
INSERT into public.bug (id, device_id, tester_id) values (nextval('public.bug_id_seq'),'10','5');
INSERT into public.bug (id, device_id, tester_id) values (nextval('public.bug_id_seq'),'5','7');
INSERT into public.bug (id, device_id, tester_id) values (nextval('public.bug_id_seq'),'5','7');
INSERT into public.bug (id, device_id, tester_id) values (nextval('public.bug_id_seq'),'2','4');
INSERT into public.bug (id, device_id, tester_id) values (nextval('public.bug_id_seq'),'9','9');
INSERT into public.bug (id, device_id, tester_id) values (nextval('public.bug_id_seq'),'1','1');
INSERT into public.bug (id, device_id, tester_id) values (nextval('public.bug_id_seq'),'9','9');
INSERT into public.bug (id, device_id, tester_id) values (nextval('public.bug_id_seq'),'3','6');
INSERT into public.bug (id, device_id, tester_id) values (nextval('public.bug_id_seq'),'9','9');
INSERT into public.bug (id, device_id, tester_id) values (nextval('public.bug_id_seq'),'3','8');
INSERT into public.bug (id, device_id, tester_id) values (nextval('public.bug_id_seq'),'2','4');
INSERT into public.bug (id, device_id, tester_id) values (nextval('public.bug_id_seq'),'10','1');
INSERT into public.bug (id, device_id, tester_id) values (nextval('public.bug_id_seq'),'1','4');
INSERT into public.bug (id, device_id, tester_id) values (nextval('public.bug_id_seq'),'5','3');
INSERT into public.bug (id, device_id, tester_id) values (nextval('public.bug_id_seq'),'8','2');
INSERT into public.bug (id, device_id, tester_id) values (nextval('public.bug_id_seq'),'8','9');
INSERT into public.bug (id, device_id, tester_id) values (nextval('public.bug_id_seq'),'10','1');
INSERT into public.bug (id, device_id, tester_id) values (nextval('public.bug_id_seq'),'9','2');
INSERT into public.bug (id, device_id, tester_id) values (nextval('public.bug_id_seq'),'1','5');
INSERT into public.bug (id, device_id, tester_id) values (nextval('public.bug_id_seq'),'3','3');
INSERT into public.bug (id, device_id, tester_id) values (nextval('public.bug_id_seq'),'7','5');
INSERT into public.bug (id, device_id, tester_id) values (nextval('public.bug_id_seq'),'7','2');
INSERT into public.bug (id, device_id, tester_id) values (nextval('public.bug_id_seq'),'6','7');
INSERT into public.bug (id, device_id, tester_id) values (nextval('public.bug_id_seq'),'2','4');
INSERT into public.bug (id, device_id, tester_id) values (nextval('public.bug_id_seq'),'1','4');
INSERT into public.bug (id, device_id, tester_id) values (nextval('public.bug_id_seq'),'1','4');
INSERT into public.bug (id, device_id, tester_id) values (nextval('public.bug_id_seq'),'1','1');
INSERT into public.bug (id, device_id, tester_id) values (nextval('public.bug_id_seq'),'2','1');
INSERT into public.bug (id, device_id, tester_id) values (nextval('public.bug_id_seq'),'7','2');
INSERT into public.bug (id, device_id, tester_id) values (nextval('public.bug_id_seq'),'8','2');
INSERT into public.bug (id, device_id, tester_id) values (nextval('public.bug_id_seq'),'4','2');
INSERT into public.bug (id, device_id, tester_id) values (nextval('public.bug_id_seq'),'2','1');
INSERT into public.bug (id, device_id, tester_id) values (nextval('public.bug_id_seq'),'3','6');
INSERT into public.bug (id, device_id, tester_id) values (nextval('public.bug_id_seq'),'6','7');
INSERT into public.bug (id, device_id, tester_id) values (nextval('public.bug_id_seq'),'8','2');
INSERT into public.bug (id, device_id, tester_id) values (nextval('public.bug_id_seq'),'1','5');
INSERT into public.bug (id, device_id, tester_id) values (nextval('public.bug_id_seq'),'9','9');
INSERT into public.bug (id, device_id, tester_id) values (nextval('public.bug_id_seq'),'8','2');
INSERT into public.bug (id, device_id, tester_id) values (nextval('public.bug_id_seq'),'4','3');
INSERT into public.bug (id, device_id, tester_id) values (nextval('public.bug_id_seq'),'7','5');
INSERT into public.bug (id, device_id, tester_id) values (nextval('public.bug_id_seq'),'3','1');
INSERT into public.bug (id, device_id, tester_id) values (nextval('public.bug_id_seq'),'4','7');
INSERT into public.bug (id, device_id, tester_id) values (nextval('public.bug_id_seq'),'2','4');
INSERT into public.bug (id, device_id, tester_id) values (nextval('public.bug_id_seq'),'9','9');
INSERT into public.bug (id, device_id, tester_id) values (nextval('public.bug_id_seq'),'3','1');
INSERT into public.bug (id, device_id, tester_id) values (nextval('public.bug_id_seq'),'8','7');
INSERT into public.bug (id, device_id, tester_id) values (nextval('public.bug_id_seq'),'1','4');
INSERT into public.bug (id, device_id, tester_id) values (nextval('public.bug_id_seq'),'7','7');
INSERT into public.bug (id, device_id, tester_id) values (nextval('public.bug_id_seq'),'3','3');
INSERT into public.bug (id, device_id, tester_id) values (nextval('public.bug_id_seq'),'1','5');
INSERT into public.bug (id, device_id, tester_id) values (nextval('public.bug_id_seq'),'7','2');
INSERT into public.bug (id, device_id, tester_id) values (nextval('public.bug_id_seq'),'1','8');
INSERT into public.bug (id, device_id, tester_id) values (nextval('public.bug_id_seq'),'10','5');
INSERT into public.bug (id, device_id, tester_id) values (nextval('public.bug_id_seq'),'7','2');
INSERT into public.bug (id, device_id, tester_id) values (nextval('public.bug_id_seq'),'7','5');
INSERT into public.bug (id, device_id, tester_id) values (nextval('public.bug_id_seq'),'5','5');
INSERT into public.bug (id, device_id, tester_id) values (nextval('public.bug_id_seq'),'9','9');
INSERT into public.bug (id, device_id, tester_id) values (nextval('public.bug_id_seq'),'3','6');
INSERT into public.bug (id, device_id, tester_id) values (nextval('public.bug_id_seq'),'1','4');
INSERT into public.bug (id, device_id, tester_id) values (nextval('public.bug_id_seq'),'5','9');
INSERT into public.bug (id, device_id, tester_id) values (nextval('public.bug_id_seq'),'2','4');
INSERT into public.bug (id, device_id, tester_id) values (nextval('public.bug_id_seq'),'2','4');
INSERT into public.bug (id, device_id, tester_id) values (nextval('public.bug_id_seq'),'5','5');
INSERT into public.bug (id, device_id, tester_id) values (nextval('public.bug_id_seq'),'1','5');
INSERT into public.bug (id, device_id, tester_id) values (nextval('public.bug_id_seq'),'3','6');
INSERT into public.bug (id, device_id, tester_id) values (nextval('public.bug_id_seq'),'10','5');
INSERT into public.bug (id, device_id, tester_id) values (nextval('public.bug_id_seq'),'6','3');
INSERT into public.bug (id, device_id, tester_id) values (nextval('public.bug_id_seq'),'3','6');
INSERT into public.bug (id, device_id, tester_id) values (nextval('public.bug_id_seq'),'8','2');
INSERT into public.bug (id, device_id, tester_id) values (nextval('public.bug_id_seq'),'3','3');
INSERT into public.bug (id, device_id, tester_id) values (nextval('public.bug_id_seq'),'8','9');
INSERT into public.bug (id, device_id, tester_id) values (nextval('public.bug_id_seq'),'3','6');
INSERT into public.bug (id, device_id, tester_id) values (nextval('public.bug_id_seq'),'1','4');
INSERT into public.bug (id, device_id, tester_id) values (nextval('public.bug_id_seq'),'9','8');
INSERT into public.bug (id, device_id, tester_id) values (nextval('public.bug_id_seq'),'2','1');
INSERT into public.bug (id, device_id, tester_id) values (nextval('public.bug_id_seq'),'3','6');
INSERT into public.bug (id, device_id, tester_id) values (nextval('public.bug_id_seq'),'10','1');
INSERT into public.bug (id, device_id, tester_id) values (nextval('public.bug_id_seq'),'3','8');
INSERT into public.bug (id, device_id, tester_id) values (nextval('public.bug_id_seq'),'5','2');
INSERT into public.bug (id, device_id, tester_id) values (nextval('public.bug_id_seq'),'10','8');
INSERT into public.bug (id, device_id, tester_id) values (nextval('public.bug_id_seq'),'10','1');
INSERT into public.bug (id, device_id, tester_id) values (nextval('public.bug_id_seq'),'8','9');
INSERT into public.bug (id, device_id, tester_id) values (nextval('public.bug_id_seq'),'1','4');
INSERT into public.bug (id, device_id, tester_id) values (nextval('public.bug_id_seq'),'6','9');
INSERT into public.bug (id, device_id, tester_id) values (nextval('public.bug_id_seq'),'3','6');
INSERT into public.bug (id, device_id, tester_id) values (nextval('public.bug_id_seq'),'5','5');
INSERT into public.bug (id, device_id, tester_id) values (nextval('public.bug_id_seq'),'2','4');
INSERT into public.bug (id, device_id, tester_id) values (nextval('public.bug_id_seq'),'1','8');
INSERT into public.bug (id, device_id, tester_id) values (nextval('public.bug_id_seq'),'6','5');
INSERT into public.bug (id, device_id, tester_id) values (nextval('public.bug_id_seq'),'1','1');
INSERT into public.bug (id, device_id, tester_id) values (nextval('public.bug_id_seq'),'5','5');
INSERT into public.bug (id, device_id, tester_id) values (nextval('public.bug_id_seq'),'3','6');
INSERT into public.bug (id, device_id, tester_id) values (nextval('public.bug_id_seq'),'1','4');
INSERT into public.bug (id, device_id, tester_id) values (nextval('public.bug_id_seq'),'10','5');
INSERT into public.bug (id, device_id, tester_id) values (nextval('public.bug_id_seq'),'1','4');
INSERT into public.bug (id, device_id, tester_id) values (nextval('public.bug_id_seq'),'7','7');
INSERT into public.bug (id, device_id, tester_id) values (nextval('public.bug_id_seq'),'6','3');
INSERT into public.bug (id, device_id, tester_id) values (nextval('public.bug_id_seq'),'7','7');
INSERT into public.bug (id, device_id, tester_id) values (nextval('public.bug_id_seq'),'6','7');
INSERT into public.bug (id, device_id, tester_id) values (nextval('public.bug_id_seq'),'7','7');
INSERT into public.bug (id, device_id, tester_id) values (nextval('public.bug_id_seq'),'6','3');
INSERT into public.bug (id, device_id, tester_id) values (nextval('public.bug_id_seq'),'6','7');
INSERT into public.bug (id, device_id, tester_id) values (nextval('public.bug_id_seq'),'10','1');
INSERT into public.bug (id, device_id, tester_id) values (nextval('public.bug_id_seq'),'5','3');
INSERT into public.bug (id, device_id, tester_id) values (nextval('public.bug_id_seq'),'6','7');
INSERT into public.bug (id, device_id, tester_id) values (nextval('public.bug_id_seq'),'2','4');
INSERT into public.bug (id, device_id, tester_id) values (nextval('public.bug_id_seq'),'5','5');
INSERT into public.bug (id, device_id, tester_id) values (nextval('public.bug_id_seq'),'9','9');
INSERT into public.bug (id, device_id, tester_id) values (nextval('public.bug_id_seq'),'1','1');
INSERT into public.bug (id, device_id, tester_id) values (nextval('public.bug_id_seq'),'5','7');
INSERT into public.bug (id, device_id, tester_id) values (nextval('public.bug_id_seq'),'5','9');
INSERT into public.bug (id, device_id, tester_id) values (nextval('public.bug_id_seq'),'8','7');
INSERT into public.bug (id, device_id, tester_id) values (nextval('public.bug_id_seq'),'1','4');
INSERT into public.bug (id, device_id, tester_id) values (nextval('public.bug_id_seq'),'8','2');
INSERT into public.bug (id, device_id, tester_id) values (nextval('public.bug_id_seq'),'3','1');
INSERT into public.bug (id, device_id, tester_id) values (nextval('public.bug_id_seq'),'2','4');
INSERT into public.bug (id, device_id, tester_id) values (nextval('public.bug_id_seq'),'3','6');
INSERT into public.bug (id, device_id, tester_id) values (nextval('public.bug_id_seq'),'6','9');
INSERT into public.bug (id, device_id, tester_id) values (nextval('public.bug_id_seq'),'8','2');
INSERT into public.bug (id, device_id, tester_id) values (nextval('public.bug_id_seq'),'7','5');
INSERT into public.bug (id, device_id, tester_id) values (nextval('public.bug_id_seq'),'10','1');
INSERT into public.bug (id, device_id, tester_id) values (nextval('public.bug_id_seq'),'6','9');
INSERT into public.bug (id, device_id, tester_id) values (nextval('public.bug_id_seq'),'3','6');
INSERT into public.bug (id, device_id, tester_id) values (nextval('public.bug_id_seq'),'1','4');
INSERT into public.bug (id, device_id, tester_id) values (nextval('public.bug_id_seq'),'9','9');
INSERT into public.bug (id, device_id, tester_id) values (nextval('public.bug_id_seq'),'10','5');
INSERT into public.bug (id, device_id, tester_id) values (nextval('public.bug_id_seq'),'4','3');
INSERT into public.bug (id, device_id, tester_id) values (nextval('public.bug_id_seq'),'3','6');
INSERT into public.bug (id, device_id, tester_id) values (nextval('public.bug_id_seq'),'3','3');
INSERT into public.bug (id, device_id, tester_id) values (nextval('public.bug_id_seq'),'1','4');
INSERT into public.bug (id, device_id, tester_id) values (nextval('public.bug_id_seq'),'6','3');
INSERT into public.bug (id, device_id, tester_id) values (nextval('public.bug_id_seq'),'8','7');
INSERT into public.bug (id, device_id, tester_id) values (nextval('public.bug_id_seq'),'9','2');
INSERT into public.bug (id, device_id, tester_id) values (nextval('public.bug_id_seq'),'3','8');
INSERT into public.bug (id, device_id, tester_id) values (nextval('public.bug_id_seq'),'8','9');
INSERT into public.bug (id, device_id, tester_id) values (nextval('public.bug_id_seq'),'7','2');
INSERT into public.bug (id, device_id, tester_id) values (nextval('public.bug_id_seq'),'6','8');
INSERT into public.bug (id, device_id, tester_id) values (nextval('public.bug_id_seq'),'3','8');
INSERT into public.bug (id, device_id, tester_id) values (nextval('public.bug_id_seq'),'5','7');
INSERT into public.bug (id, device_id, tester_id) values (nextval('public.bug_id_seq'),'1','8');
INSERT into public.bug (id, device_id, tester_id) values (nextval('public.bug_id_seq'),'10','8');
INSERT into public.bug (id, device_id, tester_id) values (nextval('public.bug_id_seq'),'9','2');
INSERT into public.bug (id, device_id, tester_id) values (nextval('public.bug_id_seq'),'9','2');
INSERT into public.bug (id, device_id, tester_id) values (nextval('public.bug_id_seq'),'3','8');
INSERT into public.bug (id, device_id, tester_id) values (nextval('public.bug_id_seq'),'3','6');
INSERT into public.bug (id, device_id, tester_id) values (nextval('public.bug_id_seq'),'3','6');
INSERT into public.bug (id, device_id, tester_id) values (nextval('public.bug_id_seq'),'4','2');
INSERT into public.bug (id, device_id, tester_id) values (nextval('public.bug_id_seq'),'3','8');
INSERT into public.bug (id, device_id, tester_id) values (nextval('public.bug_id_seq'),'1','5');
INSERT into public.bug (id, device_id, tester_id) values (nextval('public.bug_id_seq'),'4','3');
INSERT into public.bug (id, device_id, tester_id) values (nextval('public.bug_id_seq'),'6','7');
INSERT into public.bug (id, device_id, tester_id) values (nextval('public.bug_id_seq'),'6','7');
INSERT into public.bug (id, device_id, tester_id) values (nextval('public.bug_id_seq'),'9','2');
INSERT into public.bug (id, device_id, tester_id) values (nextval('public.bug_id_seq'),'3','8');
INSERT into public.bug (id, device_id, tester_id) values (nextval('public.bug_id_seq'),'3','6');
INSERT into public.bug (id, device_id, tester_id) values (nextval('public.bug_id_seq'),'4','2');
INSERT into public.bug (id, device_id, tester_id) values (nextval('public.bug_id_seq'),'10','1');
INSERT into public.bug (id, device_id, tester_id) values (nextval('public.bug_id_seq'),'8','7');
INSERT into public.bug (id, device_id, tester_id) values (nextval('public.bug_id_seq'),'7','2');
INSERT into public.bug (id, device_id, tester_id) values (nextval('public.bug_id_seq'),'5','3');
INSERT into public.bug (id, device_id, tester_id) values (nextval('public.bug_id_seq'),'1','4');
INSERT into public.bug (id, device_id, tester_id) values (nextval('public.bug_id_seq'),'3','6');
INSERT into public.bug (id, device_id, tester_id) values (nextval('public.bug_id_seq'),'7','7');
INSERT into public.bug (id, device_id, tester_id) values (nextval('public.bug_id_seq'),'10','1');
INSERT into public.bug (id, device_id, tester_id) values (nextval('public.bug_id_seq'),'1','4');
INSERT into public.bug (id, device_id, tester_id) values (nextval('public.bug_id_seq'),'5','9');
INSERT into public.bug (id, device_id, tester_id) values (nextval('public.bug_id_seq'),'6','3');
INSERT into public.bug (id, device_id, tester_id) values (nextval('public.bug_id_seq'),'9','8');
INSERT into public.bug (id, device_id, tester_id) values (nextval('public.bug_id_seq'),'5','3');
INSERT into public.bug (id, device_id, tester_id) values (nextval('public.bug_id_seq'),'9','9');
INSERT into public.bug (id, device_id, tester_id) values (nextval('public.bug_id_seq'),'10','8');
INSERT into public.bug (id, device_id, tester_id) values (nextval('public.bug_id_seq'),'10','1');
INSERT into public.bug (id, device_id, tester_id) values (nextval('public.bug_id_seq'),'10','8');
INSERT into public.bug (id, device_id, tester_id) values (nextval('public.bug_id_seq'),'3','1');
INSERT into public.bug (id, device_id, tester_id) values (nextval('public.bug_id_seq'),'8','7');
INSERT into public.bug (id, device_id, tester_id) values (nextval('public.bug_id_seq'),'4','3');
INSERT into public.bug (id, device_id, tester_id) values (nextval('public.bug_id_seq'),'1','4');
INSERT into public.bug (id, device_id, tester_id) values (nextval('public.bug_id_seq'),'1','4');
INSERT into public.bug (id, device_id, tester_id) values (nextval('public.bug_id_seq'),'4','3');
INSERT into public.bug (id, device_id, tester_id) values (nextval('public.bug_id_seq'),'6','5');
INSERT into public.bug (id, device_id, tester_id) values (nextval('public.bug_id_seq'),'8','2');
INSERT into public.bug (id, device_id, tester_id) values (nextval('public.bug_id_seq'),'8','9');
INSERT into public.bug (id, device_id, tester_id) values (nextval('public.bug_id_seq'),'9','9');
INSERT into public.bug (id, device_id, tester_id) values (nextval('public.bug_id_seq'),'3','6');
INSERT into public.bug (id, device_id, tester_id) values (nextval('public.bug_id_seq'),'7','5');
INSERT into public.bug (id, device_id, tester_id) values (nextval('public.bug_id_seq'),'6','3');
INSERT into public.bug (id, device_id, tester_id) values (nextval('public.bug_id_seq'),'3','3');
INSERT into public.bug (id, device_id, tester_id) values (nextval('public.bug_id_seq'),'4','7');
INSERT into public.bug (id, device_id, tester_id) values (nextval('public.bug_id_seq'),'4','3');
INSERT into public.bug (id, device_id, tester_id) values (nextval('public.bug_id_seq'),'1','8');
INSERT into public.bug (id, device_id, tester_id) values (nextval('public.bug_id_seq'),'2','4');
INSERT into public.bug (id, device_id, tester_id) values (nextval('public.bug_id_seq'),'8','7');
INSERT into public.bug (id, device_id, tester_id) values (nextval('public.bug_id_seq'),'4','2');
INSERT into public.bug (id, device_id, tester_id) values (nextval('public.bug_id_seq'),'10','5');
INSERT into public.bug (id, device_id, tester_id) values (nextval('public.bug_id_seq'),'3','8');
INSERT into public.bug (id, device_id, tester_id) values (nextval('public.bug_id_seq'),'1','8');
INSERT into public.bug (id, device_id, tester_id) values (nextval('public.bug_id_seq'),'7','2');
INSERT into public.bug (id, device_id, tester_id) values (nextval('public.bug_id_seq'),'7','7');
INSERT into public.bug (id, device_id, tester_id) values (nextval('public.bug_id_seq'),'9','9');
INSERT into public.bug (id, device_id, tester_id) values (nextval('public.bug_id_seq'),'7','5');
INSERT into public.bug (id, device_id, tester_id) values (nextval('public.bug_id_seq'),'2','4');
INSERT into public.bug (id, device_id, tester_id) values (nextval('public.bug_id_seq'),'6','9');
INSERT into public.bug (id, device_id, tester_id) values (nextval('public.bug_id_seq'),'5','2');
INSERT into public.bug (id, device_id, tester_id) values (nextval('public.bug_id_seq'),'7','7');
INSERT into public.bug (id, device_id, tester_id) values (nextval('public.bug_id_seq'),'6','2');
INSERT into public.bug (id, device_id, tester_id) values (nextval('public.bug_id_seq'),'6','3');
INSERT into public.bug (id, device_id, tester_id) values (nextval('public.bug_id_seq'),'3','6');
INSERT into public.bug (id, device_id, tester_id) values (nextval('public.bug_id_seq'),'5','3');
INSERT into public.bug (id, device_id, tester_id) values (nextval('public.bug_id_seq'),'10','1');
INSERT into public.bug (id, device_id, tester_id) values (nextval('public.bug_id_seq'),'3','1');
INSERT into public.bug (id, device_id, tester_id) values (nextval('public.bug_id_seq'),'4','2');
INSERT into public.bug (id, device_id, tester_id) values (nextval('public.bug_id_seq'),'6','5');
INSERT into public.bug (id, device_id, tester_id) values (nextval('public.bug_id_seq'),'6','5');
INSERT into public.bug (id, device_id, tester_id) values (nextval('public.bug_id_seq'),'6','9');
INSERT into public.bug (id, device_id, tester_id) values (nextval('public.bug_id_seq'),'1','5');
INSERT into public.bug (id, device_id, tester_id) values (nextval('public.bug_id_seq'),'1','4');
INSERT into public.bug (id, device_id, tester_id) values (nextval('public.bug_id_seq'),'2','1');
INSERT into public.bug (id, device_id, tester_id) values (nextval('public.bug_id_seq'),'3','6');
INSERT into public.bug (id, device_id, tester_id) values (nextval('public.bug_id_seq'),'4','2');
INSERT into public.bug (id, device_id, tester_id) values (nextval('public.bug_id_seq'),'7','5');
INSERT into public.bug (id, device_id, tester_id) values (nextval('public.bug_id_seq'),'5','3');
INSERT into public.bug (id, device_id, tester_id) values (nextval('public.bug_id_seq'),'2','1');
INSERT into public.bug (id, device_id, tester_id) values (nextval('public.bug_id_seq'),'5','9');
INSERT into public.bug (id, device_id, tester_id) values (nextval('public.bug_id_seq'),'8','9');
INSERT into public.bug (id, device_id, tester_id) values (nextval('public.bug_id_seq'),'6','7');
INSERT into public.bug (id, device_id, tester_id) values (nextval('public.bug_id_seq'),'6','8');
INSERT into public.bug (id, device_id, tester_id) values (nextval('public.bug_id_seq'),'3','6');
INSERT into public.bug (id, device_id, tester_id) values (nextval('public.bug_id_seq'),'5','9');
INSERT into public.bug (id, device_id, tester_id) values (nextval('public.bug_id_seq'),'1','4');
INSERT into public.bug (id, device_id, tester_id) values (nextval('public.bug_id_seq'),'1','5');
INSERT into public.bug (id, device_id, tester_id) values (nextval('public.bug_id_seq'),'2','4');
INSERT into public.bug (id, device_id, tester_id) values (nextval('public.bug_id_seq'),'3','1');
INSERT into public.bug (id, device_id, tester_id) values (nextval('public.bug_id_seq'),'7','7');
INSERT into public.bug (id, device_id, tester_id) values (nextval('public.bug_id_seq'),'4','2');
INSERT into public.bug (id, device_id, tester_id) values (nextval('public.bug_id_seq'),'3','6');
INSERT into public.bug (id, device_id, tester_id) values (nextval('public.bug_id_seq'),'4','7');
INSERT into public.bug (id, device_id, tester_id) values (nextval('public.bug_id_seq'),'3','6');
INSERT into public.bug (id, device_id, tester_id) values (nextval('public.bug_id_seq'),'3','6');
INSERT into public.bug (id, device_id, tester_id) values (nextval('public.bug_id_seq'),'1','8');
INSERT into public.bug (id, device_id, tester_id) values (nextval('public.bug_id_seq'),'3','8');
INSERT into public.bug (id, device_id, tester_id) values (nextval('public.bug_id_seq'),'2','4');
INSERT into public.bug (id, device_id, tester_id) values (nextval('public.bug_id_seq'),'3','8');
INSERT into public.bug (id, device_id, tester_id) values (nextval('public.bug_id_seq'),'5','9');
INSERT into public.bug (id, device_id, tester_id) values (nextval('public.bug_id_seq'),'7','5');
INSERT into public.bug (id, device_id, tester_id) values (nextval('public.bug_id_seq'),'6','3');
INSERT into public.bug (id, device_id, tester_id) values (nextval('public.bug_id_seq'),'4','2');
INSERT into public.bug (id, device_id, tester_id) values (nextval('public.bug_id_seq'),'1','4');
INSERT into public.bug (id, device_id, tester_id) values (nextval('public.bug_id_seq'),'2','4');
INSERT into public.bug (id, device_id, tester_id) values (nextval('public.bug_id_seq'),'2','4');
INSERT into public.bug (id, device_id, tester_id) values (nextval('public.bug_id_seq'),'5','9');
INSERT into public.bug (id, device_id, tester_id) values (nextval('public.bug_id_seq'),'5','2');
INSERT into public.bug (id, device_id, tester_id) values (nextval('public.bug_id_seq'),'3','6');
INSERT into public.bug (id, device_id, tester_id) values (nextval('public.bug_id_seq'),'3','1');
INSERT into public.bug (id, device_id, tester_id) values (nextval('public.bug_id_seq'),'6','8');
INSERT into public.bug (id, device_id, tester_id) values (nextval('public.bug_id_seq'),'3','6');
INSERT into public.bug (id, device_id, tester_id) values (nextval('public.bug_id_seq'),'1','1');
INSERT into public.bug (id, device_id, tester_id) values (nextval('public.bug_id_seq'),'7','2');
INSERT into public.bug (id, device_id, tester_id) values (nextval('public.bug_id_seq'),'9','8');
INSERT into public.bug (id, device_id, tester_id) values (nextval('public.bug_id_seq'),'3','1');
INSERT into public.bug (id, device_id, tester_id) values (nextval('public.bug_id_seq'),'1','5');
INSERT into public.bug (id, device_id, tester_id) values (nextval('public.bug_id_seq'),'1','4');
INSERT into public.bug (id, device_id, tester_id) values (nextval('public.bug_id_seq'),'9','9');
INSERT into public.bug (id, device_id, tester_id) values (nextval('public.bug_id_seq'),'6','9');
INSERT into public.bug (id, device_id, tester_id) values (nextval('public.bug_id_seq'),'5','7');
INSERT into public.bug (id, device_id, tester_id) values (nextval('public.bug_id_seq'),'4','2');
INSERT into public.bug (id, device_id, tester_id) values (nextval('public.bug_id_seq'),'8','9');
INSERT into public.bug (id, device_id, tester_id) values (nextval('public.bug_id_seq'),'2','1');
INSERT into public.bug (id, device_id, tester_id) values (nextval('public.bug_id_seq'),'4','7');
INSERT into public.bug (id, device_id, tester_id) values (nextval('public.bug_id_seq'),'2','4');
INSERT into public.bug (id, device_id, tester_id) values (nextval('public.bug_id_seq'),'2','1');
INSERT into public.bug (id, device_id, tester_id) values (nextval('public.bug_id_seq'),'5','5');
INSERT into public.bug (id, device_id, tester_id) values (nextval('public.bug_id_seq'),'6','5');
INSERT into public.bug (id, device_id, tester_id) values (nextval('public.bug_id_seq'),'1','4');
INSERT into public.bug (id, device_id, tester_id) values (nextval('public.bug_id_seq'),'6','7');
INSERT into public.bug (id, device_id, tester_id) values (nextval('public.bug_id_seq'),'6','9');
INSERT into public.bug (id, device_id, tester_id) values (nextval('public.bug_id_seq'),'1','4');
INSERT into public.bug (id, device_id, tester_id) values (nextval('public.bug_id_seq'),'9','9');
INSERT into public.bug (id, device_id, tester_id) values (nextval('public.bug_id_seq'),'7','7');
INSERT into public.bug (id, device_id, tester_id) values (nextval('public.bug_id_seq'),'2','1');
INSERT into public.bug (id, device_id, tester_id) values (nextval('public.bug_id_seq'),'10','8');
INSERT into public.bug (id, device_id, tester_id) values (nextval('public.bug_id_seq'),'1','1');
INSERT into public.bug (id, device_id, tester_id) values (nextval('public.bug_id_seq'),'2','4');
INSERT into public.bug (id, device_id, tester_id) values (nextval('public.bug_id_seq'),'5','9');
INSERT into public.bug (id, device_id, tester_id) values (nextval('public.bug_id_seq'),'2','1');
INSERT into public.bug (id, device_id, tester_id) values (nextval('public.bug_id_seq'),'3','6');
INSERT into public.bug (id, device_id, tester_id) values (nextval('public.bug_id_seq'),'5','9');
INSERT into public.bug (id, device_id, tester_id) values (nextval('public.bug_id_seq'),'3','1');
INSERT into public.bug (id, device_id, tester_id) values (nextval('public.bug_id_seq'),'6','3');
INSERT into public.bug (id, device_id, tester_id) values (nextval('public.bug_id_seq'),'6','7');
INSERT into public.bug (id, device_id, tester_id) values (nextval('public.bug_id_seq'),'2','4');
INSERT into public.bug (id, device_id, tester_id) values (nextval('public.bug_id_seq'),'1','4');
INSERT into public.bug (id, device_id, tester_id) values (nextval('public.bug_id_seq'),'3','6');
INSERT into public.bug (id, device_id, tester_id) values (nextval('public.bug_id_seq'),'1','1');
INSERT into public.bug (id, device_id, tester_id) values (nextval('public.bug_id_seq'),'4','3');
INSERT into public.bug (id, device_id, tester_id) values (nextval('public.bug_id_seq'),'5','5');
INSERT into public.bug (id, device_id, tester_id) values (nextval('public.bug_id_seq'),'1','4');
INSERT into public.bug (id, device_id, tester_id) values (nextval('public.bug_id_seq'),'4','3');
INSERT into public.bug (id, device_id, tester_id) values (nextval('public.bug_id_seq'),'2','4');
INSERT into public.bug (id, device_id, tester_id) values (nextval('public.bug_id_seq'),'3','6');
INSERT into public.bug (id, device_id, tester_id) values (nextval('public.bug_id_seq'),'1','4');
INSERT into public.bug (id, device_id, tester_id) values (nextval('public.bug_id_seq'),'3','8');
INSERT into public.bug (id, device_id, tester_id) values (nextval('public.bug_id_seq'),'3','6');
INSERT into public.bug (id, device_id, tester_id) values (nextval('public.bug_id_seq'),'7','2');
INSERT into public.bug (id, device_id, tester_id) values (nextval('public.bug_id_seq'),'9','9');
INSERT into public.bug (id, device_id, tester_id) values (nextval('public.bug_id_seq'),'3','6');
INSERT into public.bug (id, device_id, tester_id) values (nextval('public.bug_id_seq'),'8','2');
INSERT into public.bug (id, device_id, tester_id) values (nextval('public.bug_id_seq'),'2','4');
INSERT into public.bug (id, device_id, tester_id) values (nextval('public.bug_id_seq'),'2','1');
INSERT into public.bug (id, device_id, tester_id) values (nextval('public.bug_id_seq'),'2','1');
INSERT into public.bug (id, device_id, tester_id) values (nextval('public.bug_id_seq'),'6','9');
INSERT into public.bug (id, device_id, tester_id) values (nextval('public.bug_id_seq'),'5','9');
INSERT into public.bug (id, device_id, tester_id) values (nextval('public.bug_id_seq'),'10','5');
INSERT into public.bug (id, device_id, tester_id) values (nextval('public.bug_id_seq'),'9','8');
INSERT into public.bug (id, device_id, tester_id) values (nextval('public.bug_id_seq'),'1','4');
INSERT into public.bug (id, device_id, tester_id) values (nextval('public.bug_id_seq'),'6','9');
INSERT into public.bug (id, device_id, tester_id) values (nextval('public.bug_id_seq'),'6','5');
INSERT into public.bug (id, device_id, tester_id) values (nextval('public.bug_id_seq'),'6','3');
INSERT into public.bug (id, device_id, tester_id) values (nextval('public.bug_id_seq'),'7','2');
INSERT into public.bug (id, device_id, tester_id) values (nextval('public.bug_id_seq'),'3','6');
INSERT into public.bug (id, device_id, tester_id) values (nextval('public.bug_id_seq'),'4','7');
INSERT into public.bug (id, device_id, tester_id) values (nextval('public.bug_id_seq'),'5','7');
INSERT into public.bug (id, device_id, tester_id) values (nextval('public.bug_id_seq'),'3','6');
INSERT into public.bug (id, device_id, tester_id) values (nextval('public.bug_id_seq'),'3','6');
INSERT into public.bug (id, device_id, tester_id) values (nextval('public.bug_id_seq'),'5','7');
INSERT into public.bug (id, device_id, tester_id) values (nextval('public.bug_id_seq'),'5','3');
INSERT into public.bug (id, device_id, tester_id) values (nextval('public.bug_id_seq'),'3','8');
INSERT into public.bug (id, device_id, tester_id) values (nextval('public.bug_id_seq'),'6','3');
INSERT into public.bug (id, device_id, tester_id) values (nextval('public.bug_id_seq'),'3','1');
INSERT into public.bug (id, device_id, tester_id) values (nextval('public.bug_id_seq'),'6','8');
INSERT into public.bug (id, device_id, tester_id) values (nextval('public.bug_id_seq'),'7','7');
INSERT into public.bug (id, device_id, tester_id) values (nextval('public.bug_id_seq'),'3','6');
INSERT into public.bug (id, device_id, tester_id) values (nextval('public.bug_id_seq'),'3','6');
INSERT into public.bug (id, device_id, tester_id) values (nextval('public.bug_id_seq'),'3','6');
INSERT into public.bug (id, device_id, tester_id) values (nextval('public.bug_id_seq'),'1','4');
INSERT into public.bug (id, device_id, tester_id) values (nextval('public.bug_id_seq'),'10','8');
INSERT into public.bug (id, device_id, tester_id) values (nextval('public.bug_id_seq'),'6','3');
INSERT into public.bug (id, device_id, tester_id) values (nextval('public.bug_id_seq'),'6','8');
INSERT into public.bug (id, device_id, tester_id) values (nextval('public.bug_id_seq'),'5','3');
INSERT into public.bug (id, device_id, tester_id) values (nextval('public.bug_id_seq'),'3','6');
INSERT into public.bug (id, device_id, tester_id) values (nextval('public.bug_id_seq'),'10','1');
INSERT into public.bug (id, device_id, tester_id) values (nextval('public.bug_id_seq'),'5','7');
INSERT into public.bug (id, device_id, tester_id) values (nextval('public.bug_id_seq'),'3','6');
INSERT into public.bug (id, device_id, tester_id) values (nextval('public.bug_id_seq'),'10','8');
INSERT into public.bug (id, device_id, tester_id) values (nextval('public.bug_id_seq'),'6','8');
INSERT into public.bug (id, device_id, tester_id) values (nextval('public.bug_id_seq'),'3','6');
INSERT into public.bug (id, device_id, tester_id) values (nextval('public.bug_id_seq'),'3','6');
INSERT into public.bug (id, device_id, tester_id) values (nextval('public.bug_id_seq'),'2','4');
INSERT into public.bug (id, device_id, tester_id) values (nextval('public.bug_id_seq'),'3','8');
INSERT into public.bug (id, device_id, tester_id) values (nextval('public.bug_id_seq'),'3','3');
INSERT into public.bug (id, device_id, tester_id) values (nextval('public.bug_id_seq'),'6','8');
INSERT into public.bug (id, device_id, tester_id) values (nextval('public.bug_id_seq'),'3','8');
INSERT into public.bug (id, device_id, tester_id) values (nextval('public.bug_id_seq'),'3','3');
INSERT into public.bug (id, device_id, tester_id) values (nextval('public.bug_id_seq'),'6','8');
INSERT into public.bug (id, device_id, tester_id) values (nextval('public.bug_id_seq'),'5','5');
INSERT into public.bug (id, device_id, tester_id) values (nextval('public.bug_id_seq'),'7','5');
INSERT into public.bug (id, device_id, tester_id) values (nextval('public.bug_id_seq'),'5','7');
INSERT into public.bug (id, device_id, tester_id) values (nextval('public.bug_id_seq'),'2','4');
INSERT into public.bug (id, device_id, tester_id) values (nextval('public.bug_id_seq'),'5','2');
INSERT into public.bug (id, device_id, tester_id) values (nextval('public.bug_id_seq'),'3','3');
INSERT into public.bug (id, device_id, tester_id) values (nextval('public.bug_id_seq'),'6','3');
INSERT into public.bug (id, device_id, tester_id) values (nextval('public.bug_id_seq'),'3','6');
INSERT into public.bug (id, device_id, tester_id) values (nextval('public.bug_id_seq'),'1','5');
INSERT into public.bug (id, device_id, tester_id) values (nextval('public.bug_id_seq'),'10','5');
INSERT into public.bug (id, device_id, tester_id) values (nextval('public.bug_id_seq'),'4','3');
INSERT into public.bug (id, device_id, tester_id) values (nextval('public.bug_id_seq'),'9','8');
INSERT into public.bug (id, device_id, tester_id) values (nextval('public.bug_id_seq'),'10','1');
INSERT into public.bug (id, device_id, tester_id) values (nextval('public.bug_id_seq'),'9','2');
INSERT into public.bug (id, device_id, tester_id) values (nextval('public.bug_id_seq'),'3','3');
INSERT into public.bug (id, device_id, tester_id) values (nextval('public.bug_id_seq'),'8','7');
INSERT into public.bug (id, device_id, tester_id) values (nextval('public.bug_id_seq'),'4','2');
INSERT into public.bug (id, device_id, tester_id) values (nextval('public.bug_id_seq'),'3','6');
INSERT into public.bug (id, device_id, tester_id) values (nextval('public.bug_id_seq'),'10','8');
INSERT into public.bug (id, device_id, tester_id) values (nextval('public.bug_id_seq'),'3','6');
INSERT into public.bug (id, device_id, tester_id) values (nextval('public.bug_id_seq'),'3','3');
INSERT into public.bug (id, device_id, tester_id) values (nextval('public.bug_id_seq'),'4','3');
INSERT into public.bug (id, device_id, tester_id) values (nextval('public.bug_id_seq'),'2','1');
INSERT into public.bug (id, device_id, tester_id) values (nextval('public.bug_id_seq'),'9','8');
INSERT into public.bug (id, device_id, tester_id) values (nextval('public.bug_id_seq'),'5','7');
INSERT into public.bug (id, device_id, tester_id) values (nextval('public.bug_id_seq'),'8','9');
INSERT into public.bug (id, device_id, tester_id) values (nextval('public.bug_id_seq'),'3','6');
INSERT into public.bug (id, device_id, tester_id) values (nextval('public.bug_id_seq'),'5','2');
INSERT into public.bug (id, device_id, tester_id) values (nextval('public.bug_id_seq'),'1','4');
INSERT into public.bug (id, device_id, tester_id) values (nextval('public.bug_id_seq'),'4','2');
INSERT into public.bug (id, device_id, tester_id) values (nextval('public.bug_id_seq'),'5','3');
INSERT into public.bug (id, device_id, tester_id) values (nextval('public.bug_id_seq'),'10','1');
INSERT into public.bug (id, device_id, tester_id) values (nextval('public.bug_id_seq'),'10','1');
INSERT into public.bug (id, device_id, tester_id) values (nextval('public.bug_id_seq'),'5','3');
INSERT into public.bug (id, device_id, tester_id) values (nextval('public.bug_id_seq'),'5','3');
INSERT into public.bug (id, device_id, tester_id) values (nextval('public.bug_id_seq'),'1','8');
INSERT into public.bug (id, device_id, tester_id) values (nextval('public.bug_id_seq'),'1','4');
INSERT into public.bug (id, device_id, tester_id) values (nextval('public.bug_id_seq'),'1','4');
INSERT into public.bug (id, device_id, tester_id) values (nextval('public.bug_id_seq'),'8','9');
INSERT into public.bug (id, device_id, tester_id) values (nextval('public.bug_id_seq'),'1','4');
INSERT into public.bug (id, device_id, tester_id) values (nextval('public.bug_id_seq'),'3','1');
INSERT into public.bug (id, device_id, tester_id) values (nextval('public.bug_id_seq'),'3','1');
INSERT into public.bug (id, device_id, tester_id) values (nextval('public.bug_id_seq'),'3','1');
INSERT into public.bug (id, device_id, tester_id) values (nextval('public.bug_id_seq'),'9','9');
INSERT into public.bug (id, device_id, tester_id) values (nextval('public.bug_id_seq'),'3','6');
INSERT into public.bug (id, device_id, tester_id) values (nextval('public.bug_id_seq'),'1','8');
INSERT into public.bug (id, device_id, tester_id) values (nextval('public.bug_id_seq'),'6','7');
INSERT into public.bug (id, device_id, tester_id) values (nextval('public.bug_id_seq'),'2','1');
INSERT into public.bug (id, device_id, tester_id) values (nextval('public.bug_id_seq'),'3','6');
INSERT into public.bug (id, device_id, tester_id) values (nextval('public.bug_id_seq'),'6','5');
INSERT into public.bug (id, device_id, tester_id) values (nextval('public.bug_id_seq'),'4','2');
INSERT into public.bug (id, device_id, tester_id) values (nextval('public.bug_id_seq'),'10','8');
INSERT into public.bug (id, device_id, tester_id) values (nextval('public.bug_id_seq'),'8','9');
INSERT into public.bug (id, device_id, tester_id) values (nextval('public.bug_id_seq'),'5','2');
INSERT into public.bug (id, device_id, tester_id) values (nextval('public.bug_id_seq'),'3','1');
INSERT into public.bug (id, device_id, tester_id) values (nextval('public.bug_id_seq'),'6','7');
INSERT into public.bug (id, device_id, tester_id) values (nextval('public.bug_id_seq'),'3','3');
INSERT into public.bug (id, device_id, tester_id) values (nextval('public.bug_id_seq'),'2','4');
INSERT into public.bug (id, device_id, tester_id) values (nextval('public.bug_id_seq'),'10','5');
INSERT into public.bug (id, device_id, tester_id) values (nextval('public.bug_id_seq'),'6','2');
INSERT into public.bug (id, device_id, tester_id) values (nextval('public.bug_id_seq'),'4','2');
INSERT into public.bug (id, device_id, tester_id) values (nextval('public.bug_id_seq'),'9','8');
INSERT into public.bug (id, device_id, tester_id) values (nextval('public.bug_id_seq'),'7','7');
INSERT into public.bug (id, device_id, tester_id) values (nextval('public.bug_id_seq'),'3','6');
INSERT into public.bug (id, device_id, tester_id) values (nextval('public.bug_id_seq'),'4','3');
INSERT into public.bug (id, device_id, tester_id) values (nextval('public.bug_id_seq'),'7','7');
INSERT into public.bug (id, device_id, tester_id) values (nextval('public.bug_id_seq'),'7','5');
INSERT into public.bug (id, device_id, tester_id) values (nextval('public.bug_id_seq'),'9','9');
INSERT into public.bug (id, device_id, tester_id) values (nextval('public.bug_id_seq'),'6','9');
INSERT into public.bug (id, device_id, tester_id) values (nextval('public.bug_id_seq'),'4','2');
INSERT into public.bug (id, device_id, tester_id) values (nextval('public.bug_id_seq'),'9','9');
INSERT into public.bug (id, device_id, tester_id) values (nextval('public.bug_id_seq'),'2','4');
INSERT into public.bug (id, device_id, tester_id) values (nextval('public.bug_id_seq'),'5','7');
INSERT into public.bug (id, device_id, tester_id) values (nextval('public.bug_id_seq'),'1','4');
INSERT into public.bug (id, device_id, tester_id) values (nextval('public.bug_id_seq'),'1','8');
INSERT into public.bug (id, device_id, tester_id) values (nextval('public.bug_id_seq'),'8','7');
INSERT into public.bug (id, device_id, tester_id) values (nextval('public.bug_id_seq'),'1','4');
INSERT into public.bug (id, device_id, tester_id) values (nextval('public.bug_id_seq'),'8','9');
INSERT into public.bug (id, device_id, tester_id) values (nextval('public.bug_id_seq'),'6','8');
INSERT into public.bug (id, device_id, tester_id) values (nextval('public.bug_id_seq'),'10','1');
INSERT into public.bug (id, device_id, tester_id) values (nextval('public.bug_id_seq'),'2','4');
INSERT into public.bug (id, device_id, tester_id) values (nextval('public.bug_id_seq'),'3','8');
INSERT into public.bug (id, device_id, tester_id) values (nextval('public.bug_id_seq'),'4','3');
INSERT into public.bug (id, device_id, tester_id) values (nextval('public.bug_id_seq'),'5','7');
INSERT into public.bug (id, device_id, tester_id) values (nextval('public.bug_id_seq'),'4','7');
INSERT into public.bug (id, device_id, tester_id) values (nextval('public.bug_id_seq'),'3','3');
INSERT into public.bug (id, device_id, tester_id) values (nextval('public.bug_id_seq'),'8','9');
INSERT into public.bug (id, device_id, tester_id) values (nextval('public.bug_id_seq'),'7','5');
INSERT into public.bug (id, device_id, tester_id) values (nextval('public.bug_id_seq'),'2','1');
INSERT into public.bug (id, device_id, tester_id) values (nextval('public.bug_id_seq'),'1','4');
INSERT into public.bug (id, device_id, tester_id) values (nextval('public.bug_id_seq'),'9','9');
INSERT into public.bug (id, device_id, tester_id) values (nextval('public.bug_id_seq'),'3','1');
INSERT into public.bug (id, device_id, tester_id) values (nextval('public.bug_id_seq'),'1','5');
INSERT into public.bug (id, device_id, tester_id) values (nextval('public.bug_id_seq'),'10','5');
INSERT into public.bug (id, device_id, tester_id) values (nextval('public.bug_id_seq'),'8','9');
INSERT into public.bug (id, device_id, tester_id) values (nextval('public.bug_id_seq'),'1','8');
INSERT into public.bug (id, device_id, tester_id) values (nextval('public.bug_id_seq'),'1','4');
INSERT into public.bug (id, device_id, tester_id) values (nextval('public.bug_id_seq'),'3','1');
INSERT into public.bug (id, device_id, tester_id) values (nextval('public.bug_id_seq'),'2','1');
INSERT into public.bug (id, device_id, tester_id) values (nextval('public.bug_id_seq'),'4','3');
INSERT into public.bug (id, device_id, tester_id) values (nextval('public.bug_id_seq'),'4','7');
INSERT into public.bug (id, device_id, tester_id) values (nextval('public.bug_id_seq'),'6','3');
INSERT into public.bug (id, device_id, tester_id) values (nextval('public.bug_id_seq'),'3','1');
INSERT into public.bug (id, device_id, tester_id) values (nextval('public.bug_id_seq'),'6','5');
INSERT into public.bug (id, device_id, tester_id) values (nextval('public.bug_id_seq'),'4','7');
INSERT into public.bug (id, device_id, tester_id) values (nextval('public.bug_id_seq'),'3','8');
INSERT into public.bug (id, device_id, tester_id) values (nextval('public.bug_id_seq'),'8','2');
INSERT into public.bug (id, device_id, tester_id) values (nextval('public.bug_id_seq'),'9','2');
INSERT into public.bug (id, device_id, tester_id) values (nextval('public.bug_id_seq'),'8','7');
INSERT into public.bug (id, device_id, tester_id) values (nextval('public.bug_id_seq'),'3','1');
INSERT into public.bug (id, device_id, tester_id) values (nextval('public.bug_id_seq'),'1','4');
INSERT into public.bug (id, device_id, tester_id) values (nextval('public.bug_id_seq'),'1','1');
INSERT into public.bug (id, device_id, tester_id) values (nextval('public.bug_id_seq'),'10','8');
INSERT into public.bug (id, device_id, tester_id) values (nextval('public.bug_id_seq'),'9','8');
INSERT into public.bug (id, device_id, tester_id) values (nextval('public.bug_id_seq'),'8','7');
INSERT into public.bug (id, device_id, tester_id) values (nextval('public.bug_id_seq'),'3','6');
INSERT into public.bug (id, device_id, tester_id) values (nextval('public.bug_id_seq'),'5','5');
INSERT into public.bug (id, device_id, tester_id) values (nextval('public.bug_id_seq'),'6','9');
INSERT into public.bug (id, device_id, tester_id) values (nextval('public.bug_id_seq'),'6','3');
INSERT into public.bug (id, device_id, tester_id) values (nextval('public.bug_id_seq'),'2','4');
INSERT into public.bug (id, device_id, tester_id) values (nextval('public.bug_id_seq'),'10','1');
INSERT into public.bug (id, device_id, tester_id) values (nextval('public.bug_id_seq'),'3','6');
INSERT into public.bug (id, device_id, tester_id) values (nextval('public.bug_id_seq'),'2','4');
INSERT into public.bug (id, device_id, tester_id) values (nextval('public.bug_id_seq'),'7','5');
INSERT into public.bug (id, device_id, tester_id) values (nextval('public.bug_id_seq'),'3','6');
INSERT into public.bug (id, device_id, tester_id) values (nextval('public.bug_id_seq'),'9','8');
INSERT into public.bug (id, device_id, tester_id) values (nextval('public.bug_id_seq'),'4','7');
INSERT into public.bug (id, device_id, tester_id) values (nextval('public.bug_id_seq'),'6','2');
INSERT into public.bug (id, device_id, tester_id) values (nextval('public.bug_id_seq'),'5','3');
INSERT into public.bug (id, device_id, tester_id) values (nextval('public.bug_id_seq'),'6','9');
INSERT into public.bug (id, device_id, tester_id) values (nextval('public.bug_id_seq'),'4','2');
INSERT into public.bug (id, device_id, tester_id) values (nextval('public.bug_id_seq'),'2','1');
INSERT into public.bug (id, device_id, tester_id) values (nextval('public.bug_id_seq'),'3','6');
INSERT into public.bug (id, device_id, tester_id) values (nextval('public.bug_id_seq'),'7','7');
INSERT into public.bug (id, device_id, tester_id) values (nextval('public.bug_id_seq'),'1','8');
INSERT into public.bug (id, device_id, tester_id) values (nextval('public.bug_id_seq'),'9','9');
INSERT into public.bug (id, device_id, tester_id) values (nextval('public.bug_id_seq'),'1','5');
INSERT into public.bug (id, device_id, tester_id) values (nextval('public.bug_id_seq'),'10','5');
INSERT into public.bug (id, device_id, tester_id) values (nextval('public.bug_id_seq'),'3','6');
INSERT into public.bug (id, device_id, tester_id) values (nextval('public.bug_id_seq'),'4','2');
INSERT into public.bug (id, device_id, tester_id) values (nextval('public.bug_id_seq'),'2','1');
INSERT into public.bug (id, device_id, tester_id) values (nextval('public.bug_id_seq'),'3','6');
INSERT into public.bug (id, device_id, tester_id) values (nextval('public.bug_id_seq'),'7','5');
INSERT into public.bug (id, device_id, tester_id) values (nextval('public.bug_id_seq'),'8','7');
INSERT into public.bug (id, device_id, tester_id) values (nextval('public.bug_id_seq'),'7','2');
INSERT into public.bug (id, device_id, tester_id) values (nextval('public.bug_id_seq'),'1','8');
INSERT into public.bug (id, device_id, tester_id) values (nextval('public.bug_id_seq'),'3','6');
INSERT into public.bug (id, device_id, tester_id) values (nextval('public.bug_id_seq'),'3','1');
INSERT into public.bug (id, device_id, tester_id) values (nextval('public.bug_id_seq'),'4','7');
INSERT into public.bug (id, device_id, tester_id) values (nextval('public.bug_id_seq'),'7','2');
INSERT into public.bug (id, device_id, tester_id) values (nextval('public.bug_id_seq'),'6','8');
INSERT into public.bug (id, device_id, tester_id) values (nextval('public.bug_id_seq'),'3','3');
INSERT into public.bug (id, device_id, tester_id) values (nextval('public.bug_id_seq'),'10','5');
INSERT into public.bug (id, device_id, tester_id) values (nextval('public.bug_id_seq'),'6','8');
INSERT into public.bug (id, device_id, tester_id) values (nextval('public.bug_id_seq'),'10','1');
INSERT into public.bug (id, device_id, tester_id) values (nextval('public.bug_id_seq'),'6','3');
INSERT into public.bug (id, device_id, tester_id) values (nextval('public.bug_id_seq'),'2','1');
INSERT into public.bug (id, device_id, tester_id) values (nextval('public.bug_id_seq'),'2','4');
INSERT into public.bug (id, device_id, tester_id) values (nextval('public.bug_id_seq'),'3','3');
INSERT into public.bug (id, device_id, tester_id) values (nextval('public.bug_id_seq'),'3','8');
INSERT into public.bug (id, device_id, tester_id) values (nextval('public.bug_id_seq'),'3','8');
INSERT into public.bug (id, device_id, tester_id) values (nextval('public.bug_id_seq'),'3','6');
INSERT into public.bug (id, device_id, tester_id) values (nextval('public.bug_id_seq'),'3','8');
INSERT into public.bug (id, device_id, tester_id) values (nextval('public.bug_id_seq'),'8','2');
INSERT into public.bug (id, device_id, tester_id) values (nextval('public.bug_id_seq'),'3','6');
INSERT into public.bug (id, device_id, tester_id) values (nextval('public.bug_id_seq'),'1','8');
INSERT into public.bug (id, device_id, tester_id) values (nextval('public.bug_id_seq'),'9','8');
INSERT into public.bug (id, device_id, tester_id) values (nextval('public.bug_id_seq'),'2','1');
INSERT into public.bug (id, device_id, tester_id) values (nextval('public.bug_id_seq'),'3','6');
INSERT into public.bug (id, device_id, tester_id) values (nextval('public.bug_id_seq'),'1','8');
INSERT into public.bug (id, device_id, tester_id) values (nextval('public.bug_id_seq'),'5','9');
INSERT into public.bug (id, device_id, tester_id) values (nextval('public.bug_id_seq'),'6','3');
INSERT into public.bug (id, device_id, tester_id) values (nextval('public.bug_id_seq'),'2','4');
INSERT into public.bug (id, device_id, tester_id) values (nextval('public.bug_id_seq'),'3','6');
INSERT into public.bug (id, device_id, tester_id) values (nextval('public.bug_id_seq'),'7','5');
INSERT into public.bug (id, device_id, tester_id) values (nextval('public.bug_id_seq'),'3','8');
INSERT into public.bug (id, device_id, tester_id) values (nextval('public.bug_id_seq'),'8','9');
INSERT into public.bug (id, device_id, tester_id) values (nextval('public.bug_id_seq'),'6','3');
INSERT into public.bug (id, device_id, tester_id) values (nextval('public.bug_id_seq'),'3','6');
INSERT into public.bug (id, device_id, tester_id) values (nextval('public.bug_id_seq'),'5','5');
INSERT into public.bug (id, device_id, tester_id) values (nextval('public.bug_id_seq'),'2','4');
INSERT into public.bug (id, device_id, tester_id) values (nextval('public.bug_id_seq'),'5','2');
INSERT into public.bug (id, device_id, tester_id) values (nextval('public.bug_id_seq'),'1','4');
INSERT into public.bug (id, device_id, tester_id) values (nextval('public.bug_id_seq'),'6','8');
INSERT into public.bug (id, device_id, tester_id) values (nextval('public.bug_id_seq'),'1','8');
INSERT into public.bug (id, device_id, tester_id) values (nextval('public.bug_id_seq'),'1','5');
INSERT into public.bug (id, device_id, tester_id) values (nextval('public.bug_id_seq'),'1','1');
INSERT into public.bug (id, device_id, tester_id) values (nextval('public.bug_id_seq'),'3','6');
INSERT into public.bug (id, device_id, tester_id) values (nextval('public.bug_id_seq'),'5','2');
INSERT into public.bug (id, device_id, tester_id) values (nextval('public.bug_id_seq'),'6','8');
INSERT into public.bug (id, device_id, tester_id) values (nextval('public.bug_id_seq'),'3','8');
INSERT into public.bug (id, device_id, tester_id) values (nextval('public.bug_id_seq'),'5','5');
INSERT into public.bug (id, device_id, tester_id) values (nextval('public.bug_id_seq'),'3','6');
INSERT into public.bug (id, device_id, tester_id) values (nextval('public.bug_id_seq'),'3','6');
INSERT into public.bug (id, device_id, tester_id) values (nextval('public.bug_id_seq'),'7','7');
INSERT into public.bug (id, device_id, tester_id) values (nextval('public.bug_id_seq'),'4','7');
INSERT into public.bug (id, device_id, tester_id) values (nextval('public.bug_id_seq'),'3','6');
INSERT into public.bug (id, device_id, tester_id) values (nextval('public.bug_id_seq'),'10','1');
INSERT into public.bug (id, device_id, tester_id) values (nextval('public.bug_id_seq'),'4','7');
INSERT into public.bug (id, device_id, tester_id) values (nextval('public.bug_id_seq'),'6','2');
INSERT into public.bug (id, device_id, tester_id) values (nextval('public.bug_id_seq'),'9','2');
INSERT into public.bug (id, device_id, tester_id) values (nextval('public.bug_id_seq'),'1','8');
INSERT into public.bug (id, device_id, tester_id) values (nextval('public.bug_id_seq'),'3','6');
INSERT into public.bug (id, device_id, tester_id) values (nextval('public.bug_id_seq'),'7','5');
INSERT into public.bug (id, device_id, tester_id) values (nextval('public.bug_id_seq'),'10','1');
INSERT into public.bug (id, device_id, tester_id) values (nextval('public.bug_id_seq'),'6','3');
INSERT into public.bug (id, device_id, tester_id) values (nextval('public.bug_id_seq'),'9','2');
INSERT into public.bug (id, device_id, tester_id) values (nextval('public.bug_id_seq'),'1','4');
INSERT into public.bug (id, device_id, tester_id) values (nextval('public.bug_id_seq'),'8','7');
INSERT into public.bug (id, device_id, tester_id) values (nextval('public.bug_id_seq'),'1','8');
INSERT into public.bug (id, device_id, tester_id) values (nextval('public.bug_id_seq'),'3','6');
INSERT into public.bug (id, device_id, tester_id) values (nextval('public.bug_id_seq'),'1','8');
INSERT into public.bug (id, device_id, tester_id) values (nextval('public.bug_id_seq'),'1','5');
INSERT into public.bug (id, device_id, tester_id) values (nextval('public.bug_id_seq'),'1','5');
INSERT into public.bug (id, device_id, tester_id) values (nextval('public.bug_id_seq'),'1','1');
INSERT into public.bug (id, device_id, tester_id) values (nextval('public.bug_id_seq'),'6','7');
INSERT into public.bug (id, device_id, tester_id) values (nextval('public.bug_id_seq'),'4','3');
INSERT into public.bug (id, device_id, tester_id) values (nextval('public.bug_id_seq'),'5','2');
INSERT into public.bug (id, device_id, tester_id) values (nextval('public.bug_id_seq'),'4','3');
INSERT into public.bug (id, device_id, tester_id) values (nextval('public.bug_id_seq'),'4','7');
INSERT into public.bug (id, device_id, tester_id) values (nextval('public.bug_id_seq'),'6','9');
INSERT into public.bug (id, device_id, tester_id) values (nextval('public.bug_id_seq'),'3','1');
INSERT into public.bug (id, device_id, tester_id) values (nextval('public.bug_id_seq'),'3','3');
INSERT into public.bug (id, device_id, tester_id) values (nextval('public.bug_id_seq'),'2','1');
INSERT into public.bug (id, device_id, tester_id) values (nextval('public.bug_id_seq'),'6','3');
INSERT into public.bug (id, device_id, tester_id) values (nextval('public.bug_id_seq'),'10','1');
INSERT into public.bug (id, device_id, tester_id) values (nextval('public.bug_id_seq'),'1','1');
INSERT into public.bug (id, device_id, tester_id) values (nextval('public.bug_id_seq'),'1','5');
INSERT into public.bug (id, device_id, tester_id) values (nextval('public.bug_id_seq'),'1','8');
INSERT into public.bug (id, device_id, tester_id) values (nextval('public.bug_id_seq'),'3','6');
INSERT into public.bug (id, device_id, tester_id) values (nextval('public.bug_id_seq'),'1','4');
INSERT into public.bug (id, device_id, tester_id) values (nextval('public.bug_id_seq'),'9','2');
INSERT into public.bug (id, device_id, tester_id) values (nextval('public.bug_id_seq'),'1','1');
INSERT into public.bug (id, device_id, tester_id) values (nextval('public.bug_id_seq'),'10','5');
INSERT into public.bug (id, device_id, tester_id) values (nextval('public.bug_id_seq'),'5','2');
INSERT into public.bug (id, device_id, tester_id) values (nextval('public.bug_id_seq'),'4','2');
INSERT into public.bug (id, device_id, tester_id) values (nextval('public.bug_id_seq'),'5','7');
INSERT into public.bug (id, device_id, tester_id) values (nextval('public.bug_id_seq'),'6','7');
INSERT into public.bug (id, device_id, tester_id) values (nextval('public.bug_id_seq'),'3','6');
INSERT into public.bug (id, device_id, tester_id) values (nextval('public.bug_id_seq'),'6','9');
INSERT into public.bug (id, device_id, tester_id) values (nextval('public.bug_id_seq'),'4','7');
INSERT into public.bug (id, device_id, tester_id) values (nextval('public.bug_id_seq'),'1','4');
INSERT into public.bug (id, device_id, tester_id) values (nextval('public.bug_id_seq'),'1','5');
INSERT into public.bug (id, device_id, tester_id) values (nextval('public.bug_id_seq'),'8','9');
INSERT into public.bug (id, device_id, tester_id) values (nextval('public.bug_id_seq'),'1','4');
INSERT into public.bug (id, device_id, tester_id) values (nextval('public.bug_id_seq'),'5','9');
INSERT into public.bug (id, device_id, tester_id) values (nextval('public.bug_id_seq'),'9','9');
INSERT into public.bug (id, device_id, tester_id) values (nextval('public.bug_id_seq'),'1','8');
INSERT into public.bug (id, device_id, tester_id) values (nextval('public.bug_id_seq'),'3','6');
INSERT into public.bug (id, device_id, tester_id) values (nextval('public.bug_id_seq'),'9','8');
INSERT into public.bug (id, device_id, tester_id) values (nextval('public.bug_id_seq'),'3','8');
INSERT into public.bug (id, device_id, tester_id) values (nextval('public.bug_id_seq'),'6','7');
INSERT into public.bug (id, device_id, tester_id) values (nextval('public.bug_id_seq'),'3','3');
INSERT into public.bug (id, device_id, tester_id) values (nextval('public.bug_id_seq'),'3','3');
INSERT into public.bug (id, device_id, tester_id) values (nextval('public.bug_id_seq'),'3','6');
INSERT into public.bug (id, device_id, tester_id) values (nextval('public.bug_id_seq'),'5','9');
INSERT into public.bug (id, device_id, tester_id) values (nextval('public.bug_id_seq'),'3','3');
INSERT into public.bug (id, device_id, tester_id) values (nextval('public.bug_id_seq'),'4','2');
INSERT into public.bug (id, device_id, tester_id) values (nextval('public.bug_id_seq'),'3','3');
INSERT into public.bug (id, device_id, tester_id) values (nextval('public.bug_id_seq'),'3','8');
INSERT into public.bug (id, device_id, tester_id) values (nextval('public.bug_id_seq'),'3','6');
INSERT into public.bug (id, device_id, tester_id) values (nextval('public.bug_id_seq'),'3','6');
INSERT into public.bug (id, device_id, tester_id) values (nextval('public.bug_id_seq'),'3','3');
INSERT into public.bug (id, device_id, tester_id) values (nextval('public.bug_id_seq'),'4','3');
INSERT into public.bug (id, device_id, tester_id) values (nextval('public.bug_id_seq'),'2','4');
INSERT into public.bug (id, device_id, tester_id) values (nextval('public.bug_id_seq'),'7','5');
INSERT into public.bug (id, device_id, tester_id) values (nextval('public.bug_id_seq'),'9','2');
INSERT into public.bug (id, device_id, tester_id) values (nextval('public.bug_id_seq'),'3','3');
INSERT into public.bug (id, device_id, tester_id) values (nextval('public.bug_id_seq'),'5','7');
INSERT into public.bug (id, device_id, tester_id) values (nextval('public.bug_id_seq'),'6','3');
INSERT into public.bug (id, device_id, tester_id) values (nextval('public.bug_id_seq'),'1','4');
INSERT into public.bug (id, device_id, tester_id) values (nextval('public.bug_id_seq'),'1','4');
INSERT into public.bug (id, device_id, tester_id) values (nextval('public.bug_id_seq'),'5','9');
INSERT into public.bug (id, device_id, tester_id) values (nextval('public.bug_id_seq'),'3','1');
INSERT into public.bug (id, device_id, tester_id) values (nextval('public.bug_id_seq'),'1','8');
INSERT into public.bug (id, device_id, tester_id) values (nextval('public.bug_id_seq'),'4','7');
INSERT into public.bug (id, device_id, tester_id) values (nextval('public.bug_id_seq'),'7','5');
INSERT into public.bug (id, device_id, tester_id) values (nextval('public.bug_id_seq'),'4','7');
INSERT into public.bug (id, device_id, tester_id) values (nextval('public.bug_id_seq'),'6','8');
INSERT into public.bug (id, device_id, tester_id) values (nextval('public.bug_id_seq'),'3','8');
INSERT into public.bug (id, device_id, tester_id) values (nextval('public.bug_id_seq'),'4','7');
INSERT into public.bug (id, device_id, tester_id) values (nextval('public.bug_id_seq'),'7','7');
INSERT into public.bug (id, device_id, tester_id) values (nextval('public.bug_id_seq'),'3','8');
INSERT into public.bug (id, device_id, tester_id) values (nextval('public.bug_id_seq'),'1','1');
INSERT into public.bug (id, device_id, tester_id) values (nextval('public.bug_id_seq'),'10','1');
INSERT into public.bug (id, device_id, tester_id) values (nextval('public.bug_id_seq'),'6','9');
INSERT into public.bug (id, device_id, tester_id) values (nextval('public.bug_id_seq'),'10','5');
INSERT into public.bug (id, device_id, tester_id) values (nextval('public.bug_id_seq'),'2','4');
INSERT into public.bug (id, device_id, tester_id) values (nextval('public.bug_id_seq'),'5','2');
INSERT into public.bug (id, device_id, tester_id) values (nextval('public.bug_id_seq'),'3','6');
INSERT into public.bug (id, device_id, tester_id) values (nextval('public.bug_id_seq'),'6','9');
INSERT into public.bug (id, device_id, tester_id) values (nextval('public.bug_id_seq'),'1','4');
INSERT into public.bug (id, device_id, tester_id) values (nextval('public.bug_id_seq'),'7','5');
INSERT into public.bug (id, device_id, tester_id) values (nextval('public.bug_id_seq'),'6','7');
INSERT into public.bug (id, device_id, tester_id) values (nextval('public.bug_id_seq'),'7','2');
INSERT into public.bug (id, device_id, tester_id) values (nextval('public.bug_id_seq'),'10','1');
INSERT into public.bug (id, device_id, tester_id) values (nextval('public.bug_id_seq'),'5','7');
INSERT into public.bug (id, device_id, tester_id) values (nextval('public.bug_id_seq'),'1','4');
INSERT into public.bug (id, device_id, tester_id) values (nextval('public.bug_id_seq'),'10','1');
INSERT into public.bug (id, device_id, tester_id) values (nextval('public.bug_id_seq'),'1','1');
INSERT into public.bug (id, device_id, tester_id) values (nextval('public.bug_id_seq'),'2','1');
INSERT into public.bug (id, device_id, tester_id) values (nextval('public.bug_id_seq'),'3','6');
INSERT into public.bug (id, device_id, tester_id) values (nextval('public.bug_id_seq'),'10','1');
INSERT into public.bug (id, device_id, tester_id) values (nextval('public.bug_id_seq'),'5','3');
INSERT into public.bug (id, device_id, tester_id) values (nextval('public.bug_id_seq'),'3','6');
INSERT into public.bug (id, device_id, tester_id) values (nextval('public.bug_id_seq'),'4','2');
INSERT into public.bug (id, device_id, tester_id) values (nextval('public.bug_id_seq'),'1','1');
INSERT into public.bug (id, device_id, tester_id) values (nextval('public.bug_id_seq'),'3','3');
INSERT into public.bug (id, device_id, tester_id) values (nextval('public.bug_id_seq'),'1','8');
INSERT into public.bug (id, device_id, tester_id) values (nextval('public.bug_id_seq'),'9','9');
INSERT into public.bug (id, device_id, tester_id) values (nextval('public.bug_id_seq'),'3','6');
INSERT into public.bug (id, device_id, tester_id) values (nextval('public.bug_id_seq'),'3','3');
INSERT into public.bug (id, device_id, tester_id) values (nextval('public.bug_id_seq'),'10','1');
INSERT into public.bug (id, device_id, tester_id) values (nextval('public.bug_id_seq'),'1','5');
INSERT into public.bug (id, device_id, tester_id) values (nextval('public.bug_id_seq'),'1','4');
INSERT into public.bug (id, device_id, tester_id) values (nextval('public.bug_id_seq'),'3','8');
INSERT into public.bug (id, device_id, tester_id) values (nextval('public.bug_id_seq'),'3','6');
INSERT into public.bug (id, device_id, tester_id) values (nextval('public.bug_id_seq'),'7','7');
INSERT into public.bug (id, device_id, tester_id) values (nextval('public.bug_id_seq'),'9','9');
INSERT into public.bug (id, device_id, tester_id) values (nextval('public.bug_id_seq'),'9','9');
INSERT into public.bug (id, device_id, tester_id) values (nextval('public.bug_id_seq'),'3','6');
INSERT into public.bug (id, device_id, tester_id) values (nextval('public.bug_id_seq'),'5','7');
INSERT into public.bug (id, device_id, tester_id) values (nextval('public.bug_id_seq'),'3','3');
INSERT into public.bug (id, device_id, tester_id) values (nextval('public.bug_id_seq'),'6','8');
INSERT into public.bug (id, device_id, tester_id) values (nextval('public.bug_id_seq'),'5','5');
INSERT into public.bug (id, device_id, tester_id) values (nextval('public.bug_id_seq'),'1','1');
INSERT into public.bug (id, device_id, tester_id) values (nextval('public.bug_id_seq'),'8','9');
INSERT into public.bug (id, device_id, tester_id) values (nextval('public.bug_id_seq'),'6','3');
INSERT into public.bug (id, device_id, tester_id) values (nextval('public.bug_id_seq'),'4','3');
INSERT into public.bug (id, device_id, tester_id) values (nextval('public.bug_id_seq'),'1','4');
INSERT into public.bug (id, device_id, tester_id) values (nextval('public.bug_id_seq'),'5','3');
INSERT into public.bug (id, device_id, tester_id) values (nextval('public.bug_id_seq'),'6','7');
INSERT into public.bug (id, device_id, tester_id) values (nextval('public.bug_id_seq'),'8','9');
INSERT into public.bug (id, device_id, tester_id) values (nextval('public.bug_id_seq'),'4','7');
INSERT into public.bug (id, device_id, tester_id) values (nextval('public.bug_id_seq'),'6','2');
INSERT into public.bug (id, device_id, tester_id) values (nextval('public.bug_id_seq'),'4','2');
INSERT into public.bug (id, device_id, tester_id) values (nextval('public.bug_id_seq'),'7','2');
INSERT into public.bug (id, device_id, tester_id) values (nextval('public.bug_id_seq'),'6','3');
INSERT into public.bug (id, device_id, tester_id) values (nextval('public.bug_id_seq'),'8','7');
INSERT into public.bug (id, device_id, tester_id) values (nextval('public.bug_id_seq'),'5','5');
INSERT into public.bug (id, device_id, tester_id) values (nextval('public.bug_id_seq'),'2','4');
INSERT into public.bug (id, device_id, tester_id) values (nextval('public.bug_id_seq'),'8','7');
INSERT into public.bug (id, device_id, tester_id) values (nextval('public.bug_id_seq'),'7','7');
INSERT into public.bug (id, device_id, tester_id) values (nextval('public.bug_id_seq'),'1','8');
INSERT into public.bug (id, device_id, tester_id) values (nextval('public.bug_id_seq'),'1','5');
INSERT into public.bug (id, device_id, tester_id) values (nextval('public.bug_id_seq'),'1','1');
INSERT into public.bug (id, device_id, tester_id) values (nextval('public.bug_id_seq'),'4','3');
INSERT into public.bug (id, device_id, tester_id) values (nextval('public.bug_id_seq'),'2','4');
INSERT into public.bug (id, device_id, tester_id) values (nextval('public.bug_id_seq'),'3','6');
INSERT into public.bug (id, device_id, tester_id) values (nextval('public.bug_id_seq'),'9','2');
INSERT into public.bug (id, device_id, tester_id) values (nextval('public.bug_id_seq'),'2','4');
INSERT into public.bug (id, device_id, tester_id) values (nextval('public.bug_id_seq'),'7','7');
INSERT into public.bug (id, device_id, tester_id) values (nextval('public.bug_id_seq'),'8','9');
INSERT into public.bug (id, device_id, tester_id) values (nextval('public.bug_id_seq'),'4','3');
INSERT into public.bug (id, device_id, tester_id) values (nextval('public.bug_id_seq'),'6','7');
INSERT into public.bug (id, device_id, tester_id) values (nextval('public.bug_id_seq'),'1','4');
INSERT into public.bug (id, device_id, tester_id) values (nextval('public.bug_id_seq'),'1','4');
INSERT into public.bug (id, device_id, tester_id) values (nextval('public.bug_id_seq'),'10','5');
INSERT into public.bug (id, device_id, tester_id) values (nextval('public.bug_id_seq'),'4','7');
INSERT into public.bug (id, device_id, tester_id) values (nextval('public.bug_id_seq'),'10','8');
INSERT into public.bug (id, device_id, tester_id) values (nextval('public.bug_id_seq'),'6','8');
INSERT into public.bug (id, device_id, tester_id) values (nextval('public.bug_id_seq'),'6','2');
INSERT into public.bug (id, device_id, tester_id) values (nextval('public.bug_id_seq'),'4','3');
INSERT into public.bug (id, device_id, tester_id) values (nextval('public.bug_id_seq'),'1','1');
INSERT into public.bug (id, device_id, tester_id) values (nextval('public.bug_id_seq'),'3','8');
INSERT into public.bug (id, device_id, tester_id) values (nextval('public.bug_id_seq'),'5','2');
INSERT into public.bug (id, device_id, tester_id) values (nextval('public.bug_id_seq'),'3','6');
INSERT into public.bug (id, device_id, tester_id) values (nextval('public.bug_id_seq'),'5','7');
INSERT into public.bug (id, device_id, tester_id) values (nextval('public.bug_id_seq'),'1','4');
INSERT into public.bug (id, device_id, tester_id) values (nextval('public.bug_id_seq'),'7','5');
INSERT into public.bug (id, device_id, tester_id) values (nextval('public.bug_id_seq'),'3','6');
INSERT into public.bug (id, device_id, tester_id) values (nextval('public.bug_id_seq'),'8','9');
INSERT into public.bug (id, device_id, tester_id) values (nextval('public.bug_id_seq'),'7','2');
INSERT into public.bug (id, device_id, tester_id) values (nextval('public.bug_id_seq'),'3','6');
INSERT into public.bug (id, device_id, tester_id) values (nextval('public.bug_id_seq'),'2','1');
INSERT into public.bug (id, device_id, tester_id) values (nextval('public.bug_id_seq'),'6','8');
INSERT into public.bug (id, device_id, tester_id) values (nextval('public.bug_id_seq'),'5','7');
INSERT into public.bug (id, device_id, tester_id) values (nextval('public.bug_id_seq'),'10','1');
INSERT into public.bug (id, device_id, tester_id) values (nextval('public.bug_id_seq'),'1','4');
INSERT into public.bug (id, device_id, tester_id) values (nextval('public.bug_id_seq'),'10','8');
INSERT into public.bug (id, device_id, tester_id) values (nextval('public.bug_id_seq'),'2','4');
INSERT into public.bug (id, device_id, tester_id) values (nextval('public.bug_id_seq'),'3','6');
INSERT into public.bug (id, device_id, tester_id) values (nextval('public.bug_id_seq'),'8','7');
INSERT into public.bug (id, device_id, tester_id) values (nextval('public.bug_id_seq'),'2','4');
INSERT into public.bug (id, device_id, tester_id) values (nextval('public.bug_id_seq'),'6','7');
INSERT into public.bug (id, device_id, tester_id) values (nextval('public.bug_id_seq'),'5','5');
INSERT into public.bug (id, device_id, tester_id) values (nextval('public.bug_id_seq'),'2','4');
INSERT into public.bug (id, device_id, tester_id) values (nextval('public.bug_id_seq'),'9','8');
INSERT into public.bug (id, device_id, tester_id) values (nextval('public.bug_id_seq'),'9','9');
INSERT into public.bug (id, device_id, tester_id) values (nextval('public.bug_id_seq'),'7','5');
INSERT into public.bug (id, device_id, tester_id) values (nextval('public.bug_id_seq'),'4','7');
INSERT into public.bug (id, device_id, tester_id) values (nextval('public.bug_id_seq'),'2','4');
INSERT into public.bug (id, device_id, tester_id) values (nextval('public.bug_id_seq'),'10','8');
INSERT into public.bug (id, device_id, tester_id) values (nextval('public.bug_id_seq'),'5','9');
INSERT into public.bug (id, device_id, tester_id) values (nextval('public.bug_id_seq'),'1','8');
INSERT into public.bug (id, device_id, tester_id) values (nextval('public.bug_id_seq'),'3','3');
INSERT into public.bug (id, device_id, tester_id) values (nextval('public.bug_id_seq'),'3','1');
INSERT into public.bug (id, device_id, tester_id) values (nextval('public.bug_id_seq'),'5','2');
INSERT into public.bug (id, device_id, tester_id) values (nextval('public.bug_id_seq'),'2','4');
INSERT into public.bug (id, device_id, tester_id) values (nextval('public.bug_id_seq'),'6','7');
INSERT into public.bug (id, device_id, tester_id) values (nextval('public.bug_id_seq'),'1','4');
INSERT into public.bug (id, device_id, tester_id) values (nextval('public.bug_id_seq'),'5','7');
INSERT into public.bug (id, device_id, tester_id) values (nextval('public.bug_id_seq'),'3','6');
INSERT into public.bug (id, device_id, tester_id) values (nextval('public.bug_id_seq'),'3','1');
INSERT into public.bug (id, device_id, tester_id) values (nextval('public.bug_id_seq'),'9','8');
INSERT into public.bug (id, device_id, tester_id) values (nextval('public.bug_id_seq'),'3','6');
INSERT into public.bug (id, device_id, tester_id) values (nextval('public.bug_id_seq'),'2','4');
INSERT into public.bug (id, device_id, tester_id) values (nextval('public.bug_id_seq'),'6','9');
INSERT into public.bug (id, device_id, tester_id) values (nextval('public.bug_id_seq'),'1','5');
INSERT into public.bug (id, device_id, tester_id) values (nextval('public.bug_id_seq'),'3','6');
INSERT into public.bug (id, device_id, tester_id) values (nextval('public.bug_id_seq'),'8','9');
INSERT into public.bug (id, device_id, tester_id) values (nextval('public.bug_id_seq'),'1','5');
INSERT into public.bug (id, device_id, tester_id) values (nextval('public.bug_id_seq'),'9','2');
INSERT into public.bug (id, device_id, tester_id) values (nextval('public.bug_id_seq'),'7','5');
INSERT into public.bug (id, device_id, tester_id) values (nextval('public.bug_id_seq'),'3','3');
INSERT into public.bug (id, device_id, tester_id) values (nextval('public.bug_id_seq'),'6','5');
INSERT into public.bug (id, device_id, tester_id) values (nextval('public.bug_id_seq'),'2','4');
INSERT into public.bug (id, device_id, tester_id) values (nextval('public.bug_id_seq'),'1','8');
INSERT into public.bug (id, device_id, tester_id) values (nextval('public.bug_id_seq'),'7','5');
INSERT into public.bug (id, device_id, tester_id) values (nextval('public.bug_id_seq'),'6','8');
INSERT into public.bug (id, device_id, tester_id) values (nextval('public.bug_id_seq'),'7','7');
INSERT into public.bug (id, device_id, tester_id) values (nextval('public.bug_id_seq'),'8','2');
INSERT into public.bug (id, device_id, tester_id) values (nextval('public.bug_id_seq'),'3','1');
INSERT into public.bug (id, device_id, tester_id) values (nextval('public.bug_id_seq'),'1','8');
INSERT into public.bug (id, device_id, tester_id) values (nextval('public.bug_id_seq'),'4','3');
INSERT into public.bug (id, device_id, tester_id) values (nextval('public.bug_id_seq'),'10','5');
INSERT into public.bug (id, device_id, tester_id) values (nextval('public.bug_id_seq'),'1','8');
INSERT into public.bug (id, device_id, tester_id) values (nextval('public.bug_id_seq'),'3','6');
INSERT into public.bug (id, device_id, tester_id) values (nextval('public.bug_id_seq'),'6','2');
INSERT into public.bug (id, device_id, tester_id) values (nextval('public.bug_id_seq'),'10','1');
INSERT into public.bug (id, device_id, tester_id) values (nextval('public.bug_id_seq'),'10','1');
INSERT into public.bug (id, device_id, tester_id) values (nextval('public.bug_id_seq'),'7','5');
INSERT into public.bug (id, device_id, tester_id) values (nextval('public.bug_id_seq'),'4','2');
INSERT into public.bug (id, device_id, tester_id) values (nextval('public.bug_id_seq'),'6','9');
INSERT into public.bug (id, device_id, tester_id) values (nextval('public.bug_id_seq'),'10','1');
INSERT into public.bug (id, device_id, tester_id) values (nextval('public.bug_id_seq'),'4','2');
INSERT into public.bug (id, device_id, tester_id) values (nextval('public.bug_id_seq'),'4','2');
INSERT into public.bug (id, device_id, tester_id) values (nextval('public.bug_id_seq'),'2','4');
INSERT into public.bug (id, device_id, tester_id) values (nextval('public.bug_id_seq'),'6','9');
INSERT into public.bug (id, device_id, tester_id) values (nextval('public.bug_id_seq'),'1','4');
INSERT into public.bug (id, device_id, tester_id) values (nextval('public.bug_id_seq'),'3','6');
INSERT into public.bug (id, device_id, tester_id) values (nextval('public.bug_id_seq'),'1','1');
INSERT into public.bug (id, device_id, tester_id) values (nextval('public.bug_id_seq'),'6','7');
INSERT into public.bug (id, device_id, tester_id) values (nextval('public.bug_id_seq'),'6','9');
INSERT into public.bug (id, device_id, tester_id) values (nextval('public.bug_id_seq'),'6','9');
INSERT into public.bug (id, device_id, tester_id) values (nextval('public.bug_id_seq'),'6','7');
INSERT into public.bug (id, device_id, tester_id) values (nextval('public.bug_id_seq'),'5','9');
INSERT into public.bug (id, device_id, tester_id) values (nextval('public.bug_id_seq'),'10','8');
INSERT into public.bug (id, device_id, tester_id) values (nextval('public.bug_id_seq'),'3','8');
INSERT into public.bug (id, device_id, tester_id) values (nextval('public.bug_id_seq'),'6','2');
INSERT into public.bug (id, device_id, tester_id) values (nextval('public.bug_id_seq'),'1','1');
INSERT into public.bug (id, device_id, tester_id) values (nextval('public.bug_id_seq'),'9','2');
INSERT into public.bug (id, device_id, tester_id) values (nextval('public.bug_id_seq'),'6','3');
INSERT into public.bug (id, device_id, tester_id) values (nextval('public.bug_id_seq'),'8','7');
INSERT into public.bug (id, device_id, tester_id) values (nextval('public.bug_id_seq'),'6','8');
INSERT into public.bug (id, device_id, tester_id) values (nextval('public.bug_id_seq'),'1','4');
INSERT into public.bug (id, device_id, tester_id) values (nextval('public.bug_id_seq'),'6','7');
INSERT into public.bug (id, device_id, tester_id) values (nextval('public.bug_id_seq'),'2','4');
INSERT into public.bug (id, device_id, tester_id) values (nextval('public.bug_id_seq'),'10','5');
INSERT into public.bug (id, device_id, tester_id) values (nextval('public.bug_id_seq'),'5','5');
INSERT into public.bug (id, device_id, tester_id) values (nextval('public.bug_id_seq'),'5','2');
INSERT into public.bug (id, device_id, tester_id) values (nextval('public.bug_id_seq'),'2','4');
INSERT into public.bug (id, device_id, tester_id) values (nextval('public.bug_id_seq'),'7','5');
INSERT into public.bug (id, device_id, tester_id) values (nextval('public.bug_id_seq'),'9','2');
INSERT into public.bug (id, device_id, tester_id) values (nextval('public.bug_id_seq'),'3','8');
INSERT into public.bug (id, device_id, tester_id) values (nextval('public.bug_id_seq'),'6','8');
INSERT into public.bug (id, device_id, tester_id) values (nextval('public.bug_id_seq'),'7','5');
INSERT into public.bug (id, device_id, tester_id) values (nextval('public.bug_id_seq'),'5','5');
INSERT into public.bug (id, device_id, tester_id) values (nextval('public.bug_id_seq'),'10','1');
INSERT into public.bug (id, device_id, tester_id) values (nextval('public.bug_id_seq'),'3','6');
INSERT into public.bug (id, device_id, tester_id) values (nextval('public.bug_id_seq'),'6','9');
INSERT into public.bug (id, device_id, tester_id) values (nextval('public.bug_id_seq'),'10','5');
INSERT into public.bug (id, device_id, tester_id) values (nextval('public.bug_id_seq'),'6','7');
INSERT into public.bug (id, device_id, tester_id) values (nextval('public.bug_id_seq'),'7','5');
INSERT into public.bug (id, device_id, tester_id) values (nextval('public.bug_id_seq'),'5','9');
INSERT into public.bug (id, device_id, tester_id) values (nextval('public.bug_id_seq'),'3','6');
INSERT into public.bug (id, device_id, tester_id) values (nextval('public.bug_id_seq'),'10','1');
INSERT into public.bug (id, device_id, tester_id) values (nextval('public.bug_id_seq'),'3','8');
INSERT into public.bug (id, device_id, tester_id) values (nextval('public.bug_id_seq'),'1','4');
INSERT into public.bug (id, device_id, tester_id) values (nextval('public.bug_id_seq'),'7','2');
INSERT into public.bug (id, device_id, tester_id) values (nextval('public.bug_id_seq'),'3','1');
INSERT into public.bug (id, device_id, tester_id) values (nextval('public.bug_id_seq'),'5','2');
INSERT into public.bug (id, device_id, tester_id) values (nextval('public.bug_id_seq'),'2','4');
INSERT into public.bug (id, device_id, tester_id) values (nextval('public.bug_id_seq'),'7','7');
INSERT into public.bug (id, device_id, tester_id) values (nextval('public.bug_id_seq'),'2','1');
INSERT into public.bug (id, device_id, tester_id) values (nextval('public.bug_id_seq'),'4','3');
INSERT into public.bug (id, device_id, tester_id) values (nextval('public.bug_id_seq'),'5','2');
INSERT into public.bug (id, device_id, tester_id) values (nextval('public.bug_id_seq'),'6','7');
INSERT into public.bug (id, device_id, tester_id) values (nextval('public.bug_id_seq'),'9','8');



INSERT INTO public.experience (tester_id, device_id, experience_points) select tester_id, device_id, count(device_id) from bug GROUP BY device_id, tester_id ;

--This inserts may fail due to unique constraint on tester_id, device_id, but import will not leave unexperienced user without device
INSERT into public.experience (tester_id, device_id, experience_points) values ('1','1', '0' );
INSERT into public.experience (tester_id, device_id, experience_points) values ('1','2', '0' );
INSERT into public.experience (tester_id, device_id, experience_points) values ('1','3', '0' );
INSERT into public.experience (tester_id, device_id, experience_points) values ('1','10', '0' );
INSERT into public.experience (tester_id, device_id, experience_points) values ('2','4', '0' );
INSERT into public.experience (tester_id, device_id, experience_points) values ('2','5', '0' );
INSERT into public.experience (tester_id, device_id, experience_points) values ('2','6', '0' );
INSERT into public.experience (tester_id, device_id, experience_points) values ('2','7', '0' );
INSERT into public.experience (tester_id, device_id, experience_points) values ('2','8', '0' );
INSERT into public.experience (tester_id, device_id, experience_points) values ('2','9', '0' );
INSERT into public.experience (tester_id, device_id, experience_points) values ('3','3', '0' );
INSERT into public.experience (tester_id, device_id, experience_points) values ('3','4', '0' );
INSERT into public.experience (tester_id, device_id, experience_points) values ('3','5', '0' );
INSERT into public.experience (tester_id, device_id, experience_points) values ('3','6', '0' );
INSERT into public.experience (tester_id, device_id, experience_points) values ('4','1', '0' );
INSERT into public.experience (tester_id, device_id, experience_points) values ('4','2', '0' );
INSERT into public.experience (tester_id, device_id, experience_points) values ('5','5', '0' );
INSERT into public.experience (tester_id, device_id, experience_points) values ('5','6', '0' );
INSERT into public.experience (tester_id, device_id, experience_points) values ('5','7', '0' );
INSERT into public.experience (tester_id, device_id, experience_points) values ('5','1', '0' );
INSERT into public.experience (tester_id, device_id, experience_points) values ('5','10', '0' );
INSERT into public.experience (tester_id, device_id, experience_points) values ('6','3', '0' );
INSERT into public.experience (tester_id, device_id, experience_points) values ('7','4', '0' );
INSERT into public.experience (tester_id, device_id, experience_points) values ('7','5', '0' );
INSERT into public.experience (tester_id, device_id, experience_points) values ('7','6', '0' );
INSERT into public.experience (tester_id, device_id, experience_points) values ('7','7', '0' );
INSERT into public.experience (tester_id, device_id, experience_points) values ('7','8', '0' );
INSERT into public.experience (tester_id, device_id, experience_points) values ('8','1', '0' );
INSERT into public.experience (tester_id, device_id, experience_points) values ('8','3', '0' );
INSERT into public.experience (tester_id, device_id, experience_points) values ('8','6', '0' );
INSERT into public.experience (tester_id, device_id, experience_points) values ('8','9', '0' );
INSERT into public.experience (tester_id, device_id, experience_points) values ('8','10', '0' );
INSERT into public.experience (tester_id, device_id, experience_points) values ('9','5', '0' );
INSERT into public.experience (tester_id, device_id, experience_points) values ('9','6', '0' );
INSERT into public.experience (tester_id, device_id, experience_points) values ('9','8', '0' );
INSERT into public.experience (tester_id, device_id, experience_points) values ('9','9', '0' );
